index,project_name,create_time,project_language,contributor,star,fork,issues,watch,project_commits,code_language,keyword_index,matched_keyword,path_of_first_file_commit,final_change_commit_path,code_granularity_data,code_func_type,number_of_bug_or_vulnerability_all_commit,start_end_line_data,first_loc,final_start_end_line_data,final_loc_add,final_loc_minus,final_change_type,test_code_data,regular_expression_data,number_of_commits,number_of_change_commit_to_first,change_commit_to_first_index,change_commit_to_first_hash,change_commit_to_first_blocks,number_of_all_change_commit,all_change_commit_index,all_change_commit_hash,all_change_commit_blocks,number_of_all_change_fix_commit,all_change_fix_commit_index,all_change_fix_commit_hash,all_change_fix_commit_blocks,project_lines,project_locs,project_statements,project_functions,project_classes,project_files,project_density_comments,project_comments,project_duplicated_lines,project_duplicated_blocks,project_duplicated_files,project_duplicated_lines_density,project_vulnerability,project_bugs,project_code_smells,project_sqale_index,project_sqale_debt_ratio,project_complexity_all,project_cognitive_complexity_all,project_complexity_mean_method,project_cognitive_complexity_mean_method,code_lines,code_locs,code_statements,code_functions,code_classes,code_files,code_density_comments,code_comments,code_duplicated_lines,code_duplicated_blocks,code_duplicated_files,code_duplicated_lines_density,code_code_smells,code_sqale_index,code_sqale_debt_ratio,code_complexity_all,code_cognitive_complexity_all,code_complexity_mean_method,code_cognitive_complexity_mean_method,manual_vs_gpt_loc_ratio,manual_vs_gpt_change_commit_ratio,manual_vs_gpt_change_fix_commit_ratio,code_vulnerability,code_bugs
1,TRGB-BikeComputer,2023-02-26 18:36:56,C,,12,1,12,3,66,C++,42,generated by chatgpt,TRGB-BikeComputer\527bba20130d08aad65052928ec577ff4052fb8b\src\I2CSensors.h,,statement,,25,"[44,48]",5,,,,,,,5,0,[],[],[],0,[],[],[],0,[],[],[],4425,2325,1366,129,9,36,24.4,749,0,0,0,0.0,0,0,810,6607,9.5,435,470,3.37,3.64,6,5,0,0,0,1,50.0,5,0,0,0,0.0,6,30,20.0,0,0,0.0,0.0,,,,0,0
4,paddlefx,2023-02-15 06:45:16,Python,8,14,16,4,5,55,C++,32,generated by chatgpt,paddlefx\7fdf88f4f45a9580f5f17978d151e1cd60ec4409\examples\native_interpreter\interpreter.cc,,method,,7,"[33,77]",45,,,,,,,2,0,[],[],[],0,[],[],[],0,[],[],[],194,144,117,6,0,1,11.1,18,0,0,0,0.0,0,0,7,184,4.3,26,41,4.33,6.83,46,36,32,1,0,1,10.0,4,0,0,0,0.0,3,41,3.8,6,13,6.0,13.0,,,,0,0
5,dogegen,2023-12-28 14:47:35,C++,,24,2,5,2,49,C++,289,generated by chatgpt,dogegen\00c5601f81ddf08d5100b7b1f012fdf6cbb33a78\main.cpp,dogegen\d071438387e3c9df8a1913c012220e942c188815\main.cpp,method,,3,"[292,303]",12,,,,,,,26,18,"[-9, -10, -11, -12, -13, -14, -15, -16, -17, -18, -19, -20, -21, -22, -23, -24, -25, -26]","['d071438387e3c9df8a1913c012220e942c188815', '93eb8bdd6bb0473f0019cc11fa122531c946e4c9', '49a9c6ee21d88b54585be606ef73cf4ce9dd566b', '8c73f06fcf89338cad801f17cf80300bda577a0e', '7a91b92c4502104efe05c293d6c0a44c43504900', 'b6901054368839d6b90ecc6e669afb33ba166683', '10793fdb290dd45bcf62adcadb617951d2cbcc74', '09826c8224fa302501af89036fb7b7ce96f72a7a', '67ab4b5da24d6ba1746e593820b96ad956a6b8d2', '5719f24ca23870a42812d6d136cbae32b45f0b10', 'bb8c27548bc3ec44e823792849613711fa9e50f7', '684a7efb681262450b1e5f1ca73c84144a5b52de', '7292cec92cffbc6ad37bf71335d1c934703bee74', 'e497a8bc1e11cceb92eee19bed8c3c73ad912a8f', 'b400bc494177b34c8f1d109c9e2925358ba6ea50', 'a605742a67416c1ad064ce350d93a043c9ca944e', '50a41a6b52a8322f0a6681d76b6292a611134949', 'a4c36422fe8cf96029ab7a951194f7d1e606d1d5']","[[{'highest_ratio': 0.9541864139020537, 'best_match_position': (319, 330)}], [{'highest_ratio': 0.9541864139020537, 'best_match_position': (319, 330)}], [{'highest_ratio': 0.9541864139020537, 'best_match_position': (319, 330)}], [{'highest_ratio': 0.9541864139020537, 'best_match_position': (319, 330)}], [{'highest_ratio': 0.9541864139020537, 'best_match_position': (319, 330)}], [{'highest_ratio': 0.9541864139020537, 'best_match_position': (324, 335)}], [{'highest_ratio': 0.9541864139020537, 'best_match_position': (324, 335)}], [{'highest_ratio': 0.9541864139020537, 'best_match_position': (324, 335)}], [{'highest_ratio': 0.9541864139020537, 'best_match_position': (324, 335)}], [{'highest_ratio': 0.9541864139020537, 'best_match_position': (324, 335)}], [{'highest_ratio': 0.9541864139020537, 'best_match_position': (324, 335)}], [{'highest_ratio': 0.9541864139020537, 'best_match_position': (324, 335)}], [{'highest_ratio': 0.9541864139020537, 'best_match_position': (324, 335)}], [{'highest_ratio': 0.9541864139020537, 'best_match_position': (324, 335)}], [{'highest_ratio': 0.9541864139020537, 'best_match_position': (324, 335)}], [{'highest_ratio': 0.9541864139020537, 'best_match_position': (324, 335)}], [{'highest_ratio': 0.9541864139020537, 'best_match_position': (324, 335)}], [{'highest_ratio': 0.9541864139020537, 'best_match_position': (324, 335)}]]",1,[-9],['d071438387e3c9df8a1913c012220e942c188815'],"[[{'highest_ratio': 0.9541864139020537, 'best_match_position': (319, 330)}]]",0,[],[],[],908,674,569,12,2,1,6.1,44,0,0,0,0.0,0,0,20,976,4.8,115,152,9.58,12.67,13,12,9,1,0,1,7.7,1,0,0,0,0.0,4,25,6.9,3,3,3.0,3.0,,,,0,0
7,cs426project,2023-10-27 19:03:05,LLVM,2,0,0,0,1,67,C++,26,generated by chatgpt,cs426project\f2d8a8f68a92d15b431b843b811c743114732c85\UnitSCCP.h,,method,,7,"[27,31]",5,,,,,,,7,0,[],[],[],0,[],[],[],0,[],[],[],575,342,226,16,7,7,21.0,91,0,0,0,0.0,0,0,81,789,7.7,86,155,5.38,9.69,6,5,1,1,0,1,0.0,0,0,0,0,0.0,4,16,10.7,3,1,3.0,1.0,,,,0,0
11,Taskbar-AQI,2024-04-18 06:32:16,C++,,0,0,0,1,5,C++,1,generated by chatgpt,Taskbar-AQI\b977ba27948394d3bc06a67f9c0d08c27978f83f\tools\check-z-index.cpp,,file,,0,"[1,40]",40,,,,,,,1,0,[],[],[],0,[],[],[],0,[],[],[],312,174,131,8,0,3,17.9,38,0,0,0,0.0,0,0,19,253,4.8,23,13,2.88,1.62,40,26,23,2,0,1,7.1,2,0,0,0,0.0,5,50,6.4,6,5,3.0,2.5,,,,0,0
13,CS_1181_cpp,2023-08-29 20:08:50,C++,,0,0,0,1,144,C++,1,generated by chatgpt,CS_1181_cpp\ef26e72995ef52a048e8a4d0f26e7354417aafae\f23\ch13\rockPaperScissors.cpp,,file,,1,"[1,57]",57,,,,,,,1,0,[],[],[],0,[],[],[],0,[],[],[],3927,2421,1693,218,25,82,11.9,327,72,2,2,1.8,0,0,466,4881,6.7,508,347,2.33,1.59,57,40,29,1,0,1,13.0,6,0,0,0,0.0,4,52,4.3,12,8,12.0,8.0,,,,0,0
16,SX1276_Receive_LBJ,2023-09-09 07:04:47,C++,2,7,3,0,1,64,C++,501,generated by chatgpt,SX1276_Receive_LBJ\81797b376bd56cc98285b9e9eb8d6afca2c51f54\src\networks.cpp,SX1276_Receive_LBJ\2b9c80b28cb93aa44bee777deebf7d89fed4b8ec\src\networks.cpp,method,,13,"[501,523]",23,,,,,,,31,20,"[-12, -13, -14, -15, -16, -17, -18, -19, -20, -21, -22, -23, -24, -25, -26, -27, -28, -29, -30, -31]","['6ab0a43ebed35ccd9c3af1b30129ee7c95c670f6', '4b7d9ba7e6c064893dda8ca1a700d7d5fbbda99e', 'a37d01f5385f0bfa1c58ac491fdfe8618d0b0f6e', 'b54358a863f171e67a2a3d940707160f7cab8562', 'ce5e90d21a80496d4d4b44ec6ec7e4ae828584a5', '47c7866a72386524fd3cdddbc88d683a7d51ec1d', '3c07ae1de5a999e78a4e3c4b2771a8fb15afc76a', 'ae607869d430d8c634feabf0c5bbf3dddc42f2f6', '134d7fc26b86d1707e99512ff02ec8fd98fee8d6', '4e2e6b8c1e9807d02a219fd0db42d2395ca28b84', '59a951ddb538289d83c7304264175b8233d135a3', '701675fb9c691b8c0f0ffb11c46330e7c3478abf', '91c92ddf908c2a0a9ab7c1ad281bffdf5157521f', '52012dece320d8913fd0a652f204164c6e0cb23b', '7ecbd6aa54d948c045539c413f1a925bb6faec64', '2b9c80b28cb93aa44bee777deebf7d89fed4b8ec', '9acf5c912a6c6262af1577f35c25f4bf1c7eea5e', '5b3cf99a8083148bf7c16c21a6d7cbbd976af618', '9e7a2a142715b44d5aaa2406a89984a6084d670b', '3be18554992b05ceac619af3aff461ae882473fc']","[[{'highest_ratio': 0.9978142076502732, 'best_match_position': (582, 604)}], [{'highest_ratio': 0.9923830250272034, 'best_match_position': (560, 582)}], [{'highest_ratio': 0.9923830250272034, 'best_match_position': (560, 582)}], [{'highest_ratio': 0.9923830250272034, 'best_match_position': (560, 582)}], [{'highest_ratio': 0.9912948857453754, 'best_match_position': (589, 611)}], [{'highest_ratio': 0.9912948857453754, 'best_match_position': (596, 618)}], [{'highest_ratio': 0.9912948857453754, 'best_match_position': (597, 619)}], [{'highest_ratio': 0.9912948857453754, 'best_match_position': (597, 619)}], [{'highest_ratio': 0.9912948857453754, 'best_match_position': (610, 632)}], [{'highest_ratio': 0.9912948857453754, 'best_match_position': (612, 634)}], [{'highest_ratio': 0.9912948857453754, 'best_match_position': (613, 635)}], [{'highest_ratio': 0.9912948857453754, 'best_match_position': (622, 644)}], [{'highest_ratio': 0.9912948857453754, 'best_match_position': (638, 660)}], [{'highest_ratio': 0.9912948857453754, 'best_match_position': (692, 714)}], [{'highest_ratio': 0.9912948857453754, 'best_match_position': (694, 716)}], [{'highest_ratio': 0.9902067464635473, 'best_match_position': (694, 716)}], [{'highest_ratio': 0.9902067464635473, 'best_match_position': (694, 716)}], [{'highest_ratio': 0.9902067464635473, 'best_match_position': (694, 716)}], [{'highest_ratio': 0.9902067464635473, 'best_match_position': (695, 717)}], [{'highest_ratio': 0.9902067464635473, 'best_match_position': (702, 724)}]]",4,"[-12, -13, -16, -27]","['6ab0a43ebed35ccd9c3af1b30129ee7c95c670f6', '4b7d9ba7e6c064893dda8ca1a700d7d5fbbda99e', 'ce5e90d21a80496d4d4b44ec6ec7e4ae828584a5', '2b9c80b28cb93aa44bee777deebf7d89fed4b8ec']","[[{'highest_ratio': 0.9978142076502732, 'best_match_position': (582, 604)}], [{'highest_ratio': 0.9923830250272034, 'best_match_position': (560, 582)}], [{'highest_ratio': 0.9912948857453754, 'best_match_position': (589, 611)}], [{'highest_ratio': 0.9902067464635473, 'best_match_position': (694, 716)}]]",1,[-27],['2b9c80b28cb93aa44bee777deebf7d89fed4b8ec'],"[[{'highest_ratio': 0.9902067464635473, 'best_match_position': (694, 716)}]]",36491,17052,12751,979,61,128,27.3,6410,836,32,11,2.3,0,0,1841,27060,5.3,2833,2619,2.89,2.68,24,21,18,1,0,1,19.2,5,0,0,0,0.0,5,31,4.9,6,9,6.0,9.0,,,,0,0
17,neural-network,2023-07-26 22:36:03,C++,,1,0,0,1,51,C++,133,generated by chatgpt,neural-network\a65a9900b0704ff64acde873dad7dc1ae10fbe05\Dataset.cpp,,method,,4,"[[151,196],[219,255]]",83,,,,,,,1,0,[],[],[],0,[],[],[],0,[],[],[],893,460,242,42,11,14,24.1,146,0,0,0,0.0,0,0,107,784,5.7,83,56,1.98,1.33,85,61,55,2,0,1,6.2,4,0,0,0,0.0,8,100,5.5,9,8,4.5,4.0,,,,0,0
18,Quintin-OpenGL-Project,2024-02-02 00:31:34,C++,,1,0,0,1,117,C++,146,generated by chatgpt,Quintin-OpenGL-Project\8aa15639ddbf02958564b07a1ec82771d9d76b63\source\shapes\shapes.cpp,Quintin-OpenGL-Project\b7c255680390762c31b02c90a76ef0709d72209d\source\shapes\shapes.cpp,method,,27,"[146,196]",51,,,,,,,13,12,"[-2, -3, -4, -5, -6, -7, -8, -9, -10, -11, -12, -13]","['8ed046b6887e57d46a2a45cbb127e5a6768c7a77', 'bfbb3c53fbd0bf7bd07ee90fc3dc59bff0efc4c5', '9230a07fc68a0da939c508e77aa42d6652dd1333', 'd7b0c0e7604fe8d4b9fd477fdba99f02aaad183a', '05f4d173be587d2c2d387f69611b08ac93110847', 'b7c255680390762c31b02c90a76ef0709d72209d', 'aea9dcbeb4459adb79c9e5fa02520cce3186de0f', '9706dec566e5cb42dc21899ff7c7e797cc149579', 'e477cacb714f55c1295789c03b3b28f07dc8875d', '93b90317db374a11fb6834c5a5ec2c1b38d92044', 'b446386e770381ff19451471e1f2a4ede4c0d5bf', 'a0e1da02c20b8ceec6f40c2d8a9f719fbb3b997b']","[[{'highest_ratio': 0.9991235758106923, 'best_match_position': (146, 196)}], [{'highest_ratio': 0.9989773557341125, 'best_match_position': (146, 196)}], [{'highest_ratio': 0.9989773557341125, 'best_match_position': (146, 196)}], [{'highest_ratio': 0.23420647149460708, 'best_match_position': (315, 365)}], [{'highest_ratio': 0.20066273932253315, 'best_match_position': (248, 298)}], [{'highest_ratio': 0.20034149117814457, 'best_match_position': (268, 318)}], [{'highest_ratio': 0.20034149117814457, 'best_match_position': (268, 318)}], [{'highest_ratio': 0.20034149117814457, 'best_match_position': (308, 358)}], [{'highest_ratio': 0.20034149117814457, 'best_match_position': (308, 358)}], [{'highest_ratio': 0.20034149117814457, 'best_match_position': (308, 358)}], [{'highest_ratio': 0.20034149117814457, 'best_match_position': (310, 360)}], [{'highest_ratio': 0.20034149117814457, 'best_match_position': (328, 378)}]]",5,"[-2, -3, -5, -6, -7]","['8ed046b6887e57d46a2a45cbb127e5a6768c7a77', 'bfbb3c53fbd0bf7bd07ee90fc3dc59bff0efc4c5', 'd7b0c0e7604fe8d4b9fd477fdba99f02aaad183a', '05f4d173be587d2c2d387f69611b08ac93110847', 'b7c255680390762c31b02c90a76ef0709d72209d']","[[{'highest_ratio': 0.9991235758106923, 'best_match_position': (146, 196)}], [{'highest_ratio': 0.9989773557341125, 'best_match_position': (146, 196)}], [{'highest_ratio': 0.23420647149460708, 'best_match_position': (315, 365)}], [{'highest_ratio': 0.20066273932253315, 'best_match_position': (248, 298)}], [{'highest_ratio': 0.20034149117814457, 'best_match_position': (268, 318)}]]",1,[-6],['05f4d173be587d2c2d387f69611b08ac93110847'],"[[{'highest_ratio': 0.20066273932253315, 'best_match_position': (248, 298)}]]",82659,30389,13643,1702,193,504,34.2,15820,2596,141,36,3.1,0,0,6538,57594,6.3,4383,3676,2.58,2.16,52,41,39,1,0,1,8.9,4,0,0,0,0.0,4,79,6.4,3,3,3.0,3.0,,,,0,0
19,UdonSharpDecompiler,2023-03-16 20:22:41,C++,,3,1,1,1,26,C++,6,generated by chatgpt,UdonSharpDecompiler\8c9b7d7cca1c31355a862efac9aae6ec8386621b\UdonSharpDecompiler\UdonSharpDecompiler.cpp,UdonSharpDecompiler\e39ccc3b1c661516c080ef7eb2a1b98952e0ab8e\UdonSharpDecompiler\UdonSharpDecompiler.cpp,file,,3,"[1,52]",52,,,,,,,2,1,[-2],['e39ccc3b1c661516c080ef7eb2a1b98952e0ab8e'],"[[{'highest_ratio': 0.9243260798960702, 'best_match_position': (1, 57)}]]",1,[-2],['e39ccc3b1c661516c080ef7eb2a1b98952e0ab8e'],"[[{'highest_ratio': 0.9243260798960702, 'best_match_position': (1, 57)}]]",1,[-2],['e39ccc3b1c661516c080ef7eb2a1b98952e0ab8e'],"[[{'highest_ratio': 0.9243260798960702, 'best_match_position': (1, 57)}]]",999,736,497,25,5,5,6.2,49,0,0,0,0.0,0,0,133,1484,6.7,117,203,4.68,8.12,52,21,19,1,0,1,34.4,11,0,0,0,0.0,6,28,4.4,3,2,3.0,2.0,,,,0,0
20,plsa-gpu,2023-04-17 13:32:46,C++,,1,0,0,1,33,C++,80,generated by chatgpt,plsa-gpu\141a9d07a72e544508d9e1e29a9298302f29f05b\stage3_cpu_processing.cpp,,method,,4,"[81,102]",22,,,,,,,5,0,[],[],[],0,[],[],[],0,[],[],[],1366,734,594,36,4,13,21.1,196,0,0,0,0.0,0,0,134,1413,6.4,126,144,3.5,4.0,23,12,10,1,0,1,29.4,5,0,0,0,0.0,3,29,8.1,1,0,1.0,0.0,,,,0,0
23,JackCompiler,2023-08-21 03:44:51,C++,,0,1,0,1,27,C++,102,generated by chatgpt,JackCompiler\a320f8233dd9ca7b5800408eba7e9ff371487e71\src\CompilerOut\PrintTypes.cpp,JackCompiler\ccac6bb6207bf1783f86cbf7cfc6fe06648c6bc9\src\CompilerOut\PrintTypes.cpp,method,,0,"[103,123]",21,,,,,,,4,2,"[-3, -4]","['ba7135861e97495f6d14622005fab7087201a655', 'ccac6bb6207bf1783f86cbf7cfc6fe06648c6bc9']","[[{'highest_ratio': 0.9195876288659793, 'best_match_position': (101, 121)}], [{'highest_ratio': 0.9007529089664613, 'best_match_position': (101, 121)}]]",2,"[-3, -4]","['ba7135861e97495f6d14622005fab7087201a655', 'ccac6bb6207bf1783f86cbf7cfc6fe06648c6bc9']","[[{'highest_ratio': 0.9195876288659793, 'best_match_position': (101, 121)}], [{'highest_ratio': 0.9007529089664613, 'best_match_position': (101, 121)}]]",0,[],[],[],2649,1969,2734,132,52,35,6.4,135,1564,16,15,59.0,0,0,700,5664,9.6,415,250,3.14,1.89,22,17,0,0,0,1,15.0,3,0,0,0,0.0,11,11,2.2,3,0,3.0,0.0,,,,0,0
24,DungeonBattlesOfWinterspell,2023-10-22 19:53:52,C++,,0,0,0,1,90,C++,9,generated by chatgpt,DungeonBattlesOfWinterspell\13cc38da7b730d2e3bd87a2393a61beabae73c78\DungeonBattlesOfWinterspellCpp\DungeonGenerator.h,DungeonBattlesOfWinterspell\720169d62b90f6dd94c2144450a8fc5fd7a39d86\DungeonBattlesOfWinterspellCpp\DungeonGenerator.h,file,,13,"[1,28]",28,,,,,,,9,8,"[-2, -3, -4, -5, -6, -7, -8, -9]","['6ebd0ba2d3fdbc2d530a97160435d53477518369', '11030b00117cdf8aa10f37f1310e2d7420a2b8f7', 'fe112df6b841ce43a46d151e7820d9fe01ebe2ca', '134ff5ca3fa35b045dd9a9bb27942e034f8508e9', '22ba621144f1f49316c548fb337c35b9b515d53c', '228bec7d20f0ee6ddc79710467d2b102def7aedf', 'd84ef8a7f1d9fd9a127df82bc50ea2cbd1f7ac23', '720169d62b90f6dd94c2144450a8fc5fd7a39d86']","[[{'highest_ratio': 0.9963459196102314, 'best_match_position': (1, 28)}], [{'highest_ratio': 0.9824982841455044, 'best_match_position': (1, 30)}], [{'highest_ratio': 0.9808153477218226, 'best_match_position': (1, 30)}], [{'highest_ratio': 0.9796337497860688, 'best_match_position': (1, 30)}], [{'highest_ratio': 0.9823236656941823, 'best_match_position': (1, 30)}], [{'highest_ratio': 0.9814560439560439, 'best_match_position': (1, 30)}], [{'highest_ratio': 0.9807824296499656, 'best_match_position': (1, 30)}], [{'highest_ratio': 0.9665201217450118, 'best_match_position': (1, 31)}]]",8,"[-2, -3, -4, -5, -6, -7, -8, -9]","['6ebd0ba2d3fdbc2d530a97160435d53477518369', '11030b00117cdf8aa10f37f1310e2d7420a2b8f7', 'fe112df6b841ce43a46d151e7820d9fe01ebe2ca', '134ff5ca3fa35b045dd9a9bb27942e034f8508e9', '22ba621144f1f49316c548fb337c35b9b515d53c', '228bec7d20f0ee6ddc79710467d2b102def7aedf', 'd84ef8a7f1d9fd9a127df82bc50ea2cbd1f7ac23', '720169d62b90f6dd94c2144450a8fc5fd7a39d86']","[[{'highest_ratio': 0.9963459196102314, 'best_match_position': (1, 28)}], [{'highest_ratio': 0.9824982841455044, 'best_match_position': (1, 30)}], [{'highest_ratio': 0.9808153477218226, 'best_match_position': (1, 30)}], [{'highest_ratio': 0.9796337497860688, 'best_match_position': (1, 30)}], [{'highest_ratio': 0.9823236656941823, 'best_match_position': (1, 30)}], [{'highest_ratio': 0.9814560439560439, 'best_match_position': (1, 30)}], [{'highest_ratio': 0.9807824296499656, 'best_match_position': (1, 30)}], [{'highest_ratio': 0.9665201217450118, 'best_match_position': (1, 31)}]]",1,[-6],['22ba621144f1f49316c548fb337c35b9b515d53c'],"[[{'highest_ratio': 0.9823236656941823, 'best_match_position': (1, 30)}]]",2771,1898,1127,291,39,50,5.4,109,551,6,3,19.9,0,0,540,4321,7.6,409,189,1.41,0.65,28,19,0,0,1,1,5.0,1,0,0,0,0.0,16,83,14.6,0,0,0.0,0.0,,,,0,0
25,Breakout,2023-08-02 16:38:05,C++,,0,0,0,1,50,C++,92,generated by chatgpt,Breakout\a207e8fbf15929326b3346bbd76e43a859ab7cef\src\model_simulator_breakout.cpp,,method,,0,"[[96,98],[101,108]]",11,,,,,,,2,0,[],[],[],0,[],[],[],0,[],[],[],833,540,262,65,9,15,17.6,115,0,0,0,0.0,0,0,171,1452,9.0,127,93,1.95,1.43,13,11,7,2,0,1,0.0,0,0,0,0,0.0,8,44,13.3,3,1,1.5,0.5,,,,0,0
26,ChromeHelper,2024-01-14 18:26:44,C++,,0,0,0,1,6,C++,1,generated by chatgpt,ChromeHelper\881891c04a3ff00e7b732cb4f44178e12cbf9559\src\ZLibHelper.hpp,,file,,1,"[1,77]",77,,,,,,,1,0,[],[],[],0,[],[],[],0,[],[],[],17294,2474,684,134,40,38,52.0,2681,62,2,1,0.4,0,0,855,5679,7.7,297,216,2.22,1.61,77,52,48,2,0,1,1.9,1,0,0,0,0.0,5,101,6.5,8,8,4.0,4.0,,,,0,0
29,AOJ,2023-03-08 08:14:50,C++,,0,0,0,1,14,C++,27,generated by chatgpt,AOJ\94f986991a57219ea2860ac8cf7992274b68db61\alds1\1d.cpp,,file,,0,"[1,28]",28,,,,,,,1,0,[],[],[],0,[],[],[],0,[],[],[],470,341,253,28,0,28,8.8,33,0,0,0,0.0,0,0,116,671,6.6,71,63,2.54,2.25,28,17,14,1,0,1,5.6,1,0,0,0,0.0,3,27,5.3,3,2,3.0,2.0,,,,0,0
31,plsa-gpu,2023-04-17 13:32:46,C++,,1,0,0,1,33,C++,36,generated by chatgpt,plsa-gpu\141a9d07a72e544508d9e1e29a9298302f29f05b\stage4_cpu_postprocessing.cpp,,method,,4,"[[37,65],[68,79]]",41,,,,,,,2,0,[],[],[],0,[],[],[],0,[],[],[],1366,734,594,36,4,13,21.1,196,0,0,0,0.0,0,0,134,1413,6.4,126,144,3.5,4.0,43,28,24,2,0,1,9.7,3,0,0,0,0.0,8,64,7.6,5,3,2.5,1.5,,,,0,0
33,adds-assignment7,2023-05-15 01:49:32,C++,,0,0,0,1,2,C++,39,generated by chatgpt,adds-assignment7\5f4e669911fb37738986a0eab42576aadb9ea8f6\main.cpp,adds-assignment7\0239138431de6984368bbf362ae0ee366fe01937\main.cpp,file,,1,"[1,39]",39,,,,,,,2,1,[-2],['0239138431de6984368bbf362ae0ee366fe01937'],"[[{'highest_ratio': 0.6202898550724638, 'best_match_position': (1, 50)}]]",1,[-2],['0239138431de6984368bbf362ae0ee366fe01937'],"[[{'highest_ratio': 0.6202898550724638, 'best_match_position': (1, 50)}]]",1,[-2],['0239138431de6984368bbf362ae0ee366fe01937'],"[[{'highest_ratio': 0.6202898550724638, 'best_match_position': (1, 50)}]]",125,79,52,6,2,3,1.3,1,0,0,0,0.0,0,0,21,187,7.9,16,12,2.67,2.0,39,28,26,1,0,1,3.4,1,0,0,0,0.0,4,50,6.0,5,4,5.0,4.0,,,,0,0
35,GestorDeBaseDeDatos,2023-06-27 19:22:58,C++,2,0,0,0,1,5,C++,1,generated by chatgpt,GestorDeBaseDeDatos\db9236ab7ab51f07d898ada4b57c3c5c2743abf2\main_remove.cpp,,file,,0,"[1,382]",382,,,,,,,1,0,[],[],[],0,[],[],[],0,[],[],[],3966,3062,1691,240,30,37,6.7,221,713,12,6,18.0,0,0,612,6121,6.7,587,568,2.45,2.37,382,330,205,19,2,1,3.2,11,0,0,0,0.0,20,533,5.4,65,70,3.42,3.68,,,,0,0
36,4-connect-4-languages,2024-01-07 03:20:11,C++,,0,0,0,1,5,C++,1,generated by chatgpt,4-connect-4-languages\60d34d6ef7a079f8249af7462741d33dee7c4b01\four-connect.cpp,,file,,0,"[1,147]",147,,,,,,,1,0,[],[],[],0,[],[],[],0,[],[],[],147,123,97,7,0,1,6.8,9,0,0,0,0.0,0,0,10,199,5.4,37,74,5.29,10.57,147,123,97,7,0,1,6.8,9,0,0,0,0.0,10,199,5.4,37,74,5.29,10.57,,,,0,0
39,rvfpm,2023-11-14 13:08:51,C++,,1,0,2,1,194,C++,4,generated by chatgpt,rvfpm\f0a335a1b8af4f653780ba542084bd9aa9edffc1\work\src\in_TestFloat.cpp,rvfpm\63e3716e476b60cc4386beed82f3733e1e410c93\work\src\in_TestFloat.cpp,method,,28,"[25,102]",78,,,,,,,18,17,"[-2, -3, -4, -5, -6, -7, -8, -9, -10, -11, -12, -13, -14, -15, -16, -17, -18]","['bb2063a4628306a065382e40bf52793a4116b189', 'a695f141ce171c96e5c4a44ea4f9a9a275226933', 'c21f4a64dd4edb697027c468c84a95c5b0993b7c', '28315a3f1b8bb89cabd6635ec4e29cf26cd85095', 'dd4cd2fe8758af07eb5d75069238899ebcf2dc2c', 'd604cff48bd89fa8b2966ad9a258a6ee86c0a61d', '63e3716e476b60cc4386beed82f3733e1e410c93', '62be34a48e670dc8d18a4d5a1d32c1c097fbfebd', '158d993b4d80257e3c57c0fc9a24e460cca3ed7f', '8239855678633aa71c80f11e0f20fabadd6c8070', '24db7338677614689487b14ebc370b4ac75e6670', 'aea33aa3f2354b5794a300c896b34ab7da6e1941', '069334df3e31d0b5b54aed137d915579ede43d7c', 'fa58218fd4dbabd834e61ded932b21fe6f14eb7c', '17e20135b2c68552796e7769dcdf06da78aa82e6', '3edb91116b78a274230f78376dc2d14602bfe416', 'b95a1c1027cecb441b1c92069c6e975f63093254']","[[{'highest_ratio': 0.9064186046511628, 'best_match_position': (29, 106)}], [{'highest_ratio': 0.9064186046511628, 'best_match_position': (28, 105)}], [{'highest_ratio': 0.9064186046511628, 'best_match_position': (29, 106)}], [{'highest_ratio': 0.9064186046511628, 'best_match_position': (28, 105)}], [{'highest_ratio': 0.9064186046511628, 'best_match_position': (28, 105)}], [{'highest_ratio': 0.9064186046511628, 'best_match_position': (28, 105)}], [{'highest_ratio': 0.8343650347026824, 'best_match_position': (24, 101)}], [{'highest_ratio': 0.8343650347026824, 'best_match_position': (24, 101)}], [{'highest_ratio': 0.8343650347026824, 'best_match_position': (24, 101)}], [{'highest_ratio': 0.8343650347026824, 'best_match_position': (24, 101)}], [{'highest_ratio': 0.8343650347026824, 'best_match_position': (24, 101)}], [{'highest_ratio': 0.8343650347026824, 'best_match_position': (24, 101)}], [{'highest_ratio': 0.8343650347026824, 'best_match_position': (24, 101)}], [{'highest_ratio': 0.8343650347026824, 'best_match_position': (24, 101)}], [{'highest_ratio': 0.8343650347026824, 'best_match_position': (24, 101)}], [{'highest_ratio': 0.8343650347026824, 'best_match_position': (24, 101)}], [{'highest_ratio': 0.8343650347026824, 'best_match_position': (24, 101)}]]",2,"[-2, -8]","['bb2063a4628306a065382e40bf52793a4116b189', '63e3716e476b60cc4386beed82f3733e1e410c93']","[[{'highest_ratio': 0.9064186046511628, 'best_match_position': (29, 106)}], [{'highest_ratio': 0.8343650347026824, 'best_match_position': (24, 101)}]]",0,[],[],[],1513,1127,753,51,15,13,18.3,253,0,0,0,0.0,0,0,246,2377,7.0,212,156,4.16,3.06,79,46,34,6,0,1,30.3,20,0,0,0,0.0,8,89,6.4,8,3,1.33,0.5,,,,0,0
41,wake_word,2023-04-20 09:17:45,C,,0,0,0,1,7,C++,119,generated by chatgpt,wake_word\d1495aa2811e7aae771cdff2fc4c63e14fc4a8ab\firmware\wake_word\src\api\token_manager.cpp,,method,,0,"[120,131]",12,,,,,,,4,0,[],[],[],0,[],[],[],0,[],[],[],65866,48452,18931,3572,713,209,13.7,7678,2183,161,29,3.3,0,0,10552,99337,6.8,7111,3874,1.99,1.08,12,9,6,1,0,1,0.0,0,0,0,0,0.0,4,25,9.3,4,2,4.0,2.0,,,,0,0
42,wake_word,2023-04-20 09:17:45,C,,0,0,0,1,7,C++,217,generated by chatgpt,wake_word\d1495aa2811e7aae771cdff2fc4c63e14fc4a8ab\firmware\wake_word\src\api\google_speech_api.cpp,wake_word\bee02824673c1a08d7dcff0c06a9db02176e4266\firmware\wake_word\src\api\google_speech_api.cpp,method,,0,"[218,244]",27,,,,,,,5,4,"[-2, -3, -4, -5]","['bee02824673c1a08d7dcff0c06a9db02176e4266', 'a2515ba23d962b59bc10f07ee8ba7f9e8d84cc7f', '9f0e2e832eae1b41787f28751cc7f173fd5b1580', '15844be422e7edfed2c75b8d98cc6f2fe769e1c4']","[[{'highest_ratio': 0.9750099166997224, 'best_match_position': (236, 262)}], [{'highest_ratio': 0.9750099166997224, 'best_match_position': (238, 264)}], [{'highest_ratio': 0.9750099166997224, 'best_match_position': (246, 272)}], [{'highest_ratio': 0.9750099166997224, 'best_match_position': (253, 279)}]]",1,[-2],['bee02824673c1a08d7dcff0c06a9db02176e4266'],"[[{'highest_ratio': 0.9750099166997224, 'best_match_position': (236, 262)}]]",0,[],[],[],65866,48452,18931,3572,713,209,13.7,7678,2183,161,29,3.3,0,0,10552,99337,6.8,7111,3874,1.99,1.08,28,20,0,0,0,1,31.0,9,0,0,0,0.0,21,5,0.8,0,0,0.0,0.0,,,,0,0
43,NG_2024_Pashchenko_Danil_Qt_C-,2024-02-02 22:55:13,CMake,,0,0,0,1,11,C++,106,generated by chatgpt,NG_2024_Pashchenko_Danil_Qt_C-\cc25c216cb2b1834608e1925a8fd5445fa0dc282\Lection 2 Task 5\Lection_2_Task_5\main.cpp,,method,,0,"[108,120]",13,,,,,,,1,0,[],[],[],0,[],[],[],0,[],[],[],3008,386,267,27,1,11,33.0,190,0,0,0,0.0,0,0,48,615,5.3,83,76,3.07,2.81,14,12,12,1,0,1,0.0,0,0,0,0,0.0,4,29,8.1,5,4,5.0,4.0,,,,0,0
45,sanntid,2023-10-09 07:16:49,C++,4,0,0,0,1,274,C++,11,generated by chatgpt,sanntid\0b1e5d83dad6d0f44e5f881d8e3c2b35de1a2863\main.cpp,,method,,33,"[12,14]",3,,,,,,,9,0,[],[],[],0,[],[],[],0,[],[],[],3104,660,313,34,10,12,54.9,804,0,0,0,0.0,0,0,268,1929,9.7,86,87,2.53,2.56,4,3,1,1,0,1,25.0,1,0,0,0,0.0,3,17,18.9,1,0,1.0,0.0,,,,0,0
47,wake_word,2023-04-20 09:17:45,C,,0,0,0,1,7,C++,7,generated by chatgpt,wake_word\d1495aa2811e7aae771cdff2fc4c63e14fc4a8ab\firmware\wake_word\src\utils\base64.cpp,wake_word\15844be422e7edfed2c75b8d98cc6f2fe769e1c4\firmware\wake_word\src\utils\base64.cpp,file,,0,"[1,41]",41,,,,,,,2,1,[-2],['15844be422e7edfed2c75b8d98cc6f2fe769e1c4'],"[[{'highest_ratio': 0.995846313603323, 'best_match_position': (1, 41)}]]",1,[-2],['15844be422e7edfed2c75b8d98cc6f2fe769e1c4'],"[[{'highest_ratio': 0.995846313603323, 'best_match_position': (1, 41)}]]",0,[],[],[],65866,48452,18931,3572,713,209,13.7,7678,2183,161,29,3.3,0,0,10552,99337,6.8,7111,3874,1.99,1.08,41,31,26,1,0,1,3.1,1,0,0,0,0.0,3,43,4.6,6,11,6.0,11.0,,,,0,0
49,SchedulingApp,2023-08-11 00:06:03,C++,,0,0,0,1,37,C++,11,generated by chatgpt,SchedulingApp\7f9d94ec8f967f0ff876ea589be8e63abc378212\model\src\Project.cpp,,statement,,4,"[13,17]",5,,,,,,,3,0,[],[],[],0,[],[],[],0,[],[],[],43637,18744,11930,1307,83,80,28.3,7383,366,16,4,0.8,0,0,3217,31575,5.6,4577,3645,3.5,2.79,6,5,0,0,0,1,0.0,0,0,0,0,0.0,4,9,6.0,2,0,2.0,0.0,,,,0,0
50,cse_491_fall_2023,2023-09-07 20:56:23,C++,35,6,11,7,2,1739,C++,32,generated by chatgpt,cse_491_fall_2023\4f81dd9cde0af339f8ba2f7918d7bf9b02ed606c\source\DataCollection\GameData.hpp,cse_491_fall_2023\8730ba2fd0cb800dac1abd59ee611a86f3956e1d\source\DataCollection\GameData.hpp,file,,226,"[1,92]",92,,,,,,,2,1,[-2],['8730ba2fd0cb800dac1abd59ee611a86f3956e1d'],"[[{'highest_ratio': 0.978441127694859, 'best_match_position': (1, 92)}]]",1,[-2],['8730ba2fd0cb800dac1abd59ee611a86f3956e1d'],"[[{'highest_ratio': 0.978441127694859, 'best_match_position': (1, 92)}]]",1,[-2],['8730ba2fd0cb800dac1abd59ee611a86f3956e1d'],"[[{'highest_ratio': 0.978441127694859, 'best_match_position': (1, 92)}]]",1740,858,409,158,18,24,31.4,392,0,0,0,0.0,0,0,193,1158,4.5,265,80,1.68,0.51,92,36,8,10,1,1,39.0,23,0,0,0,0.0,5,42,3.9,12,0,1.2,0.0,,,,0,0
55,RCMS,2023-12-07 14:52:14,C++,3,0,0,0,1,158,C++,9,generated by chatgpt,RCMS\334326745eb8419775c4a37cd6094e022768c703\appendices\sales and costs and ratings  generation\generateSalesCosts.h,,statement,,0,"[11,11]",1,,,,,,,2,0,[],[],[],0,[],[],[],0,[],[],[],3766,2953,1873,151,16,22,5.3,166,830,33,7,22.0,0,0,393,5727,6.5,511,596,3.38,3.95,2,1,0,0,0,1,0.0,0,0,0,0,0.0,3,12,40.0,0,0,0.0,0.0,,,,0,0
56,SRO-RTDP,2023-10-16 15:11:34,Java,5,1,0,12,9,143,C++,31,generated by chatgpt,SRO-RTDP\f21895bd3038c2115635b4b41386af6223c8ceed\src\utilities\cpp\podio2tcp\podio2tcp.cc,,class,,22,"[32,95]",64,,,,,,,3,0,[],[],[],0,[],[],[],0,[],[],[],1301,724,609,26,7,7,24.1,230,34,2,1,2.6,0,0,74,907,4.2,140,183,5.38,7.04,65,60,40,2,1,1,3.2,2,0,0,0,0.0,5,78,4.3,20,28,10.0,14.0,,,,0,0
57,CS_1181_cpp,2023-08-29 20:08:50,C++,,0,0,0,1,144,C++,1,generated by chatgpt,CS_1181_cpp\ef26e72995ef52a048e8a4d0f26e7354417aafae\f23\ch13\mergeSort.cpp,,file,,1,"[1,86]",86,,,,,,,1,0,[],[],[],0,[],[],[],0,[],[],[],3927,2421,1693,218,25,82,11.9,327,72,2,2,1.8,0,0,466,4881,6.7,508,347,2.33,1.59,86,67,49,4,0,1,1.5,1,0,0,0,0.0,5,113,5.6,13,11,3.25,2.75,,,,0,0
62,Windmill,2023-09-07 22:21:57,C++,3,0,0,0,1,29,C++,116,generated by chatgpt,Windmill\ee04e9cb362d18a2c834a017b33f7d4008c13e2f\turbine_control\orientation_stepper.cpp,,statement,,11,"[116,122]",7,,,,,,,12,0,[],[],[],0,[],[],[],0,[],[],[],628,469,354,22,2,4,14.9,82,0,0,0,0.0,0,0,69,855,6.1,82,95,3.73,4.32,8,7,0,0,0,1,12.5,1,0,0,0,0.0,5,9,4.3,2,0,2.0,0.0,,,,0,0
63,posgi,2023-05-02 07:12:48,C++,,1,0,0,1,64,C++,41,generated by chatgpt,posgi\977def90972f2144c200ed8576232ea37dfa0d39\framework\include\org\posgi\framework\impl\utils\PosgiTxtFormatter.h,posgi\ca2bf91cceaa50214c9028b4728b5a3039c70bcb\framework\include\org\posgi\framework\impl\utils\PosgiTxtFormatter.h,file,,9,"[1,147]",147,,,,,,,4,3,"[-2, -3, -4]","['cbb1449878561ce7751e23cae6ef235578cf3719', '558f1f247c538faab3a70a0712f67b37834b860d', 'ca2bf91cceaa50214c9028b4728b5a3039c70bcb']","[[{'highest_ratio': 0.9988672833679442, 'best_match_position': (1, 147)}], [{'highest_ratio': 0.8974544141541795, 'best_match_position': (1, 159)}], [{'highest_ratio': 0.8891286754788238, 'best_match_position': (1, 159)}]]",3,"[-2, -3, -4]","['cbb1449878561ce7751e23cae6ef235578cf3719', '558f1f247c538faab3a70a0712f67b37834b860d', 'ca2bf91cceaa50214c9028b4728b5a3039c70bcb']","[[{'highest_ratio': 0.9988672833679442, 'best_match_position': (1, 147)}], [{'highest_ratio': 0.8974544141541795, 'best_match_position': (1, 159)}], [{'highest_ratio': 0.8891286754788238, 'best_match_position': (1, 159)}]]",0,[],[],[],2532,1597,868,126,35,41,13.0,239,52,2,2,2.1,0,0,281,3060,6.4,226,139,1.79,1.1,147,82,49,3,3,1,29.3,34,0,0,0,0.0,12,98,4.0,13,16,4.33,5.33,,,,0,0
64,SX1276_Receive_LBJ,2023-09-09 07:04:47,C++,2,7,3,0,1,64,C++,78,generated by chatgpt,SX1276_Receive_LBJ\3216dcc4ed4e71a5cad9166a95011d9a49a9bbc2\src\main.cpp,SX1276_Receive_LBJ\2b9c80b28cb93aa44bee777deebf7d89fed4b8ec\src\main.cpp,method,,13,"[78,104]",27,,,,,,,46,44,"[-3, -4, -5, -6, -7, -8, -9, -10, -11, -12, -13, -14, -15, -16, -17, -18, -19, -20, -21, -22, -23, -24, -25, -26, -27, -28, -29, -30, -31, -32, -33, -34, -35, -36, -37, -38, -39, -40, -41, -42, -43, -44, -45, -46]","['81797b376bd56cc98285b9e9eb8d6afca2c51f54', '55970be1487ca397747733feb9e6c667b1ab45eb', 'b4d70bbe300b7bae5708a377f9ac36feee23f1ce', '8b1d7f94f5956858b6b8aee1e46b631c13b449d1', 'c38475a6866d903198c794c59dff3cbf3266a452', '0e4d5e2b382382c6310938d0da0b1a90a9681c1d', 'cd0193e6e50642cd1e3ce9e644a210d585b6f415', 'd651e9d4de14066290f0b711185d4e83d232feed', 'c1b136d9480017a3877ba7ad727a24096565d155', '5203c54a03415e5b002ffa8a8dccd24fdc5ad312', 'a89dde0d981764eb9fba73fded69bb46e1a8479f', 'b29d3313684f4408b6b2eb2878e1ec786d414126', 'f423ee3bb920b105444873bdb11ea06c38c8e380', '078cfddca7f766d0eee25de95a1fad31c2f4a58d', '44ab7248a16dec2e5852325b173e3553a02b94e3', '92219121faba85c64ad93ddeacc10307c48a3498', '6ab0a43ebed35ccd9c3af1b30129ee7c95c670f6', '4b7d9ba7e6c064893dda8ca1a700d7d5fbbda99e', 'a37d01f5385f0bfa1c58ac491fdfe8618d0b0f6e', 'b54358a863f171e67a2a3d940707160f7cab8562', 'ce5e90d21a80496d4d4b44ec6ec7e4ae828584a5', '47c7866a72386524fd3cdddbc88d683a7d51ec1d', 'd5de27cca6abdd11a61ee547840b437efa372b37', '466950357d98a2a554bb7fb890f7149fa0092c00', '3c07ae1de5a999e78a4e3c4b2771a8fb15afc76a', 'ae607869d430d8c634feabf0c5bbf3dddc42f2f6', '134d7fc26b86d1707e99512ff02ec8fd98fee8d6', '166a8e34a1f4138280f9c76c3f1432e973a9c4b6', '4e2e6b8c1e9807d02a219fd0db42d2395ca28b84', '59a951ddb538289d83c7304264175b8233d135a3', '701675fb9c691b8c0f0ffb11c46330e7c3478abf', '91c92ddf908c2a0a9ab7c1ad281bffdf5157521f', '1c5c323f55d0e5851c2bc2d98f1b10149df4690f', '52012dece320d8913fd0a652f204164c6e0cb23b', '9c8e10d65cdb458da70f1ca402e7e2e0d3fd3380', '7ecbd6aa54d948c045539c413f1a925bb6faec64', '0ce3d016f1aa5392a70285fb29b249d8413e1a4a', '6cf94e8af6475d143f7917eac463602d51b3fffd', '2b9c80b28cb93aa44bee777deebf7d89fed4b8ec', '5b3cf99a8083148bf7c16c21a6d7cbbd976af618', '52a5c7c7b477418a1a72f4c74ce27833e0a9af76', 'fd74cbe1d729652750b4dd820bb6e3c0a15574c2', '6f6a6eb4c3baf8019ddd25807655c8794dc17497', '3be18554992b05ceac619af3aff461ae882473fc']","[[{'highest_ratio': 0.9989711934156379, 'best_match_position': (81, 107)}], [{'highest_ratio': 0.9989711934156379, 'best_match_position': (80, 106)}], [{'highest_ratio': 0.9989711934156379, 'best_match_position': (216, 242)}], [{'highest_ratio': 0.9989711934156379, 'best_match_position': (248, 274)}], [{'highest_ratio': 0.9989711934156379, 'best_match_position': (249, 275)}], [{'highest_ratio': 0.9989711934156379, 'best_match_position': (262, 288)}], [{'highest_ratio': 0.9989711934156379, 'best_match_position': (248, 274)}], [{'highest_ratio': 0.9989711934156379, 'best_match_position': (262, 288)}], [{'highest_ratio': 0.9989711934156379, 'best_match_position': (249, 275)}], [{'highest_ratio': 0.9989711934156379, 'best_match_position': (263, 289)}], [{'highest_ratio': 0.9989711934156379, 'best_match_position': (263, 289)}], [{'highest_ratio': 0.9989711934156379, 'best_match_position': (263, 289)}], [{'highest_ratio': 0.9989711934156379, 'best_match_position': (263, 289)}], [{'highest_ratio': 0.9989711934156379, 'best_match_position': (266, 292)}], [{'highest_ratio': 0.9876288659793815, 'best_match_position': (267, 293)}], [{'highest_ratio': 0.9876288659793815, 'best_match_position': (267, 293)}], [{'highest_ratio': 0.9845360824742269, 'best_match_position': (267, 293)}], [{'highest_ratio': 0.9845360824742269, 'best_match_position': (267, 293)}], [{'highest_ratio': 0.9845360824742269, 'best_match_position': (267, 293)}], [{'highest_ratio': 0.9845360824742269, 'best_match_position': (267, 293)}], [{'highest_ratio': 0.9804123711340206, 'best_match_position': (287, 313)}], [{'highest_ratio': 0.9804123711340206, 'best_match_position': (290, 316)}], [{'highest_ratio': 0.9804123711340206, 'best_match_position': (290, 316)}], [{'highest_ratio': 0.9804123711340206, 'best_match_position': (292, 318)}], [{'highest_ratio': 0.9804123711340206, 'best_match_position': (304, 330)}], [{'highest_ratio': 0.9804123711340206, 'best_match_position': (305, 331)}], [{'highest_ratio': 0.9804123711340206, 'best_match_position': (308, 334)}], [{'highest_ratio': 0.9804123711340206, 'best_match_position': (309, 335)}], [{'highest_ratio': 0.9804123711340206, 'best_match_position': (307, 333)}], [{'highest_ratio': 0.9804123711340206, 'best_match_position': (307, 333)}], [{'highest_ratio': 0.9804123711340206, 'best_match_position': (307, 333)}], [{'highest_ratio': 0.9804123711340206, 'best_match_position': (307, 333)}], [{'highest_ratio': 0.9804123711340206, 'best_match_position': (311, 337)}], [{'highest_ratio': 0.9804123711340206, 'best_match_position': (331, 357)}], [{'highest_ratio': 0.9804123711340206, 'best_match_position': (332, 358)}], [{'highest_ratio': 0.9804123711340206, 'best_match_position': (331, 357)}], [{'highest_ratio': 0.9804123711340206, 'best_match_position': (336, 362)}], [{'highest_ratio': 0.9804123711340206, 'best_match_position': (343, 369)}], [{'highest_ratio': 0.979381443298969, 'best_match_position': (344, 370)}], [{'highest_ratio': 0.979381443298969, 'best_match_position': (344, 370)}], [{'highest_ratio': 0.979381443298969, 'best_match_position': (344, 370)}], [{'highest_ratio': 0.979381443298969, 'best_match_position': (345, 371)}], [{'highest_ratio': 0.979381443298969, 'best_match_position': (345, 371)}], [{'highest_ratio': 0.979381443298969, 'best_match_position': (345, 371)}]]",5,"[-3, -17, -19, -23, -41]","['81797b376bd56cc98285b9e9eb8d6afca2c51f54', '44ab7248a16dec2e5852325b173e3553a02b94e3', '6ab0a43ebed35ccd9c3af1b30129ee7c95c670f6', 'ce5e90d21a80496d4d4b44ec6ec7e4ae828584a5', '2b9c80b28cb93aa44bee777deebf7d89fed4b8ec']","[[{'highest_ratio': 0.9989711934156379, 'best_match_position': (81, 107)}], [{'highest_ratio': 0.9876288659793815, 'best_match_position': (267, 293)}], [{'highest_ratio': 0.9845360824742269, 'best_match_position': (267, 293)}], [{'highest_ratio': 0.9804123711340206, 'best_match_position': (287, 313)}], [{'highest_ratio': 0.979381443298969, 'best_match_position': (344, 370)}]]",1,[-41],['2b9c80b28cb93aa44bee777deebf7d89fed4b8ec'],"[[{'highest_ratio': 0.979381443298969, 'best_match_position': (344, 370)}]]",36034,16690,12451,966,59,126,27.6,6365,785,28,9,2.2,0,0,1798,26391,5.3,2747,2511,2.84,2.6,28,22,19,1,0,1,21.4,6,0,0,0,0.0,5,33,5.0,6,9,6.0,9.0,,,,0,0
66,Quintin-OpenGL-Project,2024-02-02 00:31:34,C++,,1,0,0,1,117,C++,3,generated by chatgpt,Quintin-OpenGL-Project\1522c494b3a863cdb24c5f3f2f0b50af8259730d\source\game\sound.cpp,,file,,27,"[1,87]",87,,,,,,,1,0,[],[],[],0,[],[],[],0,[],[],[],109429,35005,14822,1754,229,622,43.5,26945,2686,147,38,2.5,0,0,7312,61614,5.9,4652,4080,2.65,2.33,87,64,46,5,0,1,16.9,13,0,0,0,0.0,8,113,5.9,15,18,3.0,3.6,,,,0,0
70,cse_491_fall_2023,2023-09-07 20:56:23,C++,35,6,11,7,2,1739,C++,40,generated by chatgpt,cse_491_fall_2023\044b496fc250eec29b63ef72a0eb9942a0127bf0\tests\unit\Agents\RandomAgent.cpp,cse_491_fall_2023\25384f81f45819789b9c435b4f5793c7dca38607\tests\unit\Agents\RandomAgent.cpp,method,,226,"[44,90]",47,,,,,test_code,,2,1,[-2],['25384f81f45819789b9c435b4f5793c7dca38607'],"[[{'highest_ratio': 0.9995423340961098, 'best_match_position': (44, 90)}]]",1,[-2],['25384f81f45819789b9c435b4f5793c7dca38607'],"[[{'highest_ratio': 0.9995423340961098, 'best_match_position': (44, 90)}]]",0,[],[],[],8284,4366,2305,455,45,78,26.6,1586,91,6,6,1.1,0,0,850,5870,4.5,978,579,2.15,1.27,47,30,0,0,0,1,14.3,5,0,0,0,0.0,19,16,1.8,0,0,0.0,0.0,,,,0,0
71,gym,2023-12-19 01:59:24,C++,,0,0,0,1,69,C++,12,generated by chatgpt,gym\ef52c7a418ed088a72dc4ec5d50cddf7a24a8a23\env\leet_env\cpp\Solution.hpp,,file,,0,"[1,80]",80,,,,,,,1,0,[],[],[],0,[],[],[],0,[],[],[],776,449,340,23,20,21,16.2,87,0,0,0,0.0,0,0,86,830,6.2,104,137,4.52,5.96,80,1,0,0,0,1,75.0,3,0,0,0,0.0,2,6,20.0,0,0,0.0,0.0,,,,0,0
72,rac3-gym,2023-12-16 19:09:04,C,,0,0,0,1,13,C++,10,generated by chatgpt,rac3-gym\6407e3b3d4607a84b0cd7c92200f46c41e2e23f9\prx\lib\logger.h,,file,,0,"[1,97]",97,,,,,,,1,0,[],[],[],0,[],[],[],0,[],[],[],5345,902,421,93,17,31,75.0,2710,0,0,0,0.0,0,0,432,2942,10.9,159,68,1.71,0.73,97,67,55,9,1,1,5.6,4,0,0,0,0.0,37,300,14.9,17,2,1.89,0.22,,,,0,0
73,Helga,2023-12-05 12:30:58,C,,1,1,0,1,52,C++,10,generated by chatgpt,Helga\c57b5f6c399e7817c0d71bb7610a1e170444c940\games\rc1\prx\lib\logger.h,,file,,0,"[1,97]",97,,,,,,,1,0,[],[],[],0,[],[],[],0,[],[],[],12186,2527,1082,215,47,71,69.2,5685,1409,22,20,11.6,0,0,1316,8532,11.3,398,209,1.85,0.97,97,67,55,9,1,1,5.6,4,0,0,0,0.0,37,300,14.9,17,2,1.89,0.22,,,,0,0
74,Helga,2023-12-05 12:30:58,C,,1,1,0,1,52,C++,10,generated by chatgpt,Helga\c57b5f6c399e7817c0d71bb7610a1e170444c940\games\rc3\prx\lib\logger.h,,file,,0,"[1,97]",97,,,,,,,1,0,[],[],[],0,[],[],[],0,[],[],[],12186,2527,1082,215,47,71,69.2,5685,1409,22,20,11.6,0,0,1316,8532,11.3,398,209,1.85,0.97,97,67,55,9,1,1,5.6,4,0,0,0,0.0,37,300,14.9,17,2,1.89,0.22,,,,0,0
75,Quintin-Wolf-And-Sheep-AI,2024-04-16 20:07:10,C++,,0,0,0,1,13,C++,345,generated by chatgpt,Quintin-Wolf-And-Sheep-AI\f42b1870e357252d75271c6ea9ddf226d1e3cf64\source\shapes\shapes.cpp,,method,,1,"[345,763]",419,,,,,,,1,0,[],[],[],0,[],[],[],0,[],[],[],110290,35703,15354,1760,231,622,43.0,26968,2706,149,39,2.5,0,0,7390,62811,5.9,4860,4447,2.76,2.53,420,308,286,6,0,1,13.0,46,70,4,1,16.7,9,389,4.2,25,38,4.17,6.33,,,,0,0
77,Quintin-Wolf-And-Sheep-AI,2024-04-16 20:07:10,C++,,0,0,0,1,13,C++,3,generated by chatgpt,Quintin-Wolf-And-Sheep-AI\f42b1870e357252d75271c6ea9ddf226d1e3cf64\source\game\sound.cpp,,file,,1,"[1,87]",87,,,,,,,1,0,[],[],[],0,[],[],[],0,[],[],[],110290,35703,15354,1760,231,622,43.0,26968,2706,149,39,2.5,0,0,7390,62811,5.9,4860,4447,2.76,2.53,87,64,46,5,0,1,16.9,13,0,0,0,0.0,8,113,5.9,15,18,3.0,3.6,,,,0,0
80,cp-data-algo,2023-08-16 03:02:23,C++,,2,0,0,1,57,C++,9,generated by copilot,cp-data-algo\4806008571d7248f876e185b6973e0f938bd899f\ds\ds00_reverse.cpp,,statement,,7,"[8,12]",5,,,,,,,1,0,[],[],[],0,[],[],[],0,[],[],[],4197,2463,1733,262,18,52,7.8,207,835,21,7,19.9,0,0,341,4638,6.3,587,455,2.24,1.74,6,4,0,0,0,1,20.0,1,0,0,0,0.0,5,7,5.8,1,0,1.0,0.0,,,,0,0
83,cpp-raytracer,2023-11-06 22:31:15,C++,,0,0,0,1,50,C++,2,generated by copilot,cpp-raytracer\9d682c14e9feb89a0be650e58bf2f0320a888917\Code\shape.h,cpp-raytracer\f6a327a874376f5c28d4218007ee60af75d61ef4\Code\shape.h,file,,6,"[1,14]",14,,,,,,,8,7,"[-2, -3, -4, -5, -6, -7, -8]","['f9bff1ebde30ffba707126305e2564c222114c11', '9cb83e3b495f135877665a0fce342bd89de60801', '70a8e0f88f739807e83e82ba1fca028c4704a151', 'af6638edf1b6240d382ac2680d28be5fd1911390', '28209104971d9f704ca00753056131d65132be3b', '71982e9fedd84e66925ecc8c0cec1b89f7dcf1ce', 'f6a327a874376f5c28d4218007ee60af75d61ef4']","[[{'highest_ratio': 0.839344262295082, 'best_match_position': (1, 17)}], [{'highest_ratio': 0.7418899858956276, 'best_match_position': (1, 18)}], [{'highest_ratio': 0.5971563981042654, 'best_match_position': (1, 23)}], [{'highest_ratio': 0.49753208292201384, 'best_match_position': (1, 26)}], [{'highest_ratio': 0.42857142857142855, 'best_match_position': (1, 29)}], [{'highest_ratio': 0.38059135708870356, 'best_match_position': (1, 34)}], [{'highest_ratio': 0.3347107438016529, 'best_match_position': (1, 38)}]]",7,"[-2, -3, -4, -5, -6, -7, -8]","['f9bff1ebde30ffba707126305e2564c222114c11', '9cb83e3b495f135877665a0fce342bd89de60801', '70a8e0f88f739807e83e82ba1fca028c4704a151', 'af6638edf1b6240d382ac2680d28be5fd1911390', '28209104971d9f704ca00753056131d65132be3b', '71982e9fedd84e66925ecc8c0cec1b89f7dcf1ce', 'f6a327a874376f5c28d4218007ee60af75d61ef4']","[[{'highest_ratio': 0.839344262295082, 'best_match_position': (1, 17)}], [{'highest_ratio': 0.7418899858956276, 'best_match_position': (1, 18)}], [{'highest_ratio': 0.5971563981042654, 'best_match_position': (1, 23)}], [{'highest_ratio': 0.49753208292201384, 'best_match_position': (1, 26)}], [{'highest_ratio': 0.42857142857142855, 'best_match_position': (1, 29)}], [{'highest_ratio': 0.38059135708870356, 'best_match_position': (1, 34)}], [{'highest_ratio': 0.3347107438016529, 'best_match_position': (1, 38)}]]",1,[-5],['af6638edf1b6240d382ac2680d28be5fd1911390'],"[[{'highest_ratio': 0.49753208292201384, 'best_match_position': (1, 26)}]]",250,149,69,36,4,6,12.4,21,0,0,0,0.0,0,0,74,478,10.7,40,6,1.11,0.17,14,4,0,0,1,1,33.3,2,0,0,0,0.0,5,21,17.5,0,0,0.0,0.0,,,,0,0
87,OneClickAppInstaller,2023-12-11 20:11:40,C++,,1,0,0,1,120,C++,173,generated by copilot,OneClickAppInstaller\7fec61621eb8aca6311b917d55b4230478a55d79\header.hpp,,statement,,2,"[173,173]",1,,,,,,,7,0,[],[],[],0,[],[],[],0,[],[],[],758,671,601,7,1,3,7.4,54,62,2,1,8.2,0,0,58,1066,5.3,141,221,20.14,31.57,2,1,0,0,0,1,50.0,1,0,0,0,0.0,3,10,33.3,0,0,0.0,0.0,,,,0,0
88,ExampleLibraryConversion,2024-02-29 03:30:14,C++,,0,0,0,1,2,C++,106,generated by copilot,ExampleLibraryConversion\54b4034c718a0b0802da055fc832f9fb80f43326\ExampleLibraryConversion.cpp,,statement,,0,"[108,125]",18,,,,,,,1,0,[],[],[],0,[],[],[],0,[],[],[],80838,42780,48249,5036,566,179,22.5,12411,43942,111,94,54.4,0,0,6588,72846,5.7,10244,8240,2.03,1.64,19,14,0,0,0,1,0.0,0,0,0,0,0.0,12,15,3.6,0,0,0.0,0.0,,,,0,0
89,CFXS-Build,2023-12-25 22:13:29,C++,,1,0,1,1,101,C++,82,generated by copilot,CFXS-Build\77d057f617fde10d2203bd1d8d5f085bbc9fbd83\src\Core\Component.cpp,,statement,,29,"[83,96]",14,,,,,,,35,0,[],[],[],0,[],[],[],0,[],[],[],4710,2893,2032,172,18,31,12.6,416,40,2,1,0.8,0,0,549,5474,6.3,728,691,4.23,4.02,15,14,2,1,0,1,0.0,0,0,0,0,0.0,10,19,4.5,5,0,5.0,0.0,,,,0,0
90,VCPP-2,2024-02-24 14:38:00,C++,,0,0,0,1,81,C++,126,generated by copilot,VCPP-2\52f53859c27f07ccea85d3e40e7811b7e6f319fa\VCPP\chketype.cpp,,statement,,17,"[125,141]",17,,,,,,,2,0,[],[],[],0,[],[],[],0,[],[],[],8169,6215,4916,407,58,38,6.2,408,86,6,2,1.1,0,0,3513,26456,14.2,1883,2292,4.63,5.63,18,16,0,0,0,1,5.9,1,0,0,0,0.0,11,15,3.1,8,0,8.0,0.0,,,,0,0
91,robomas_plugins,2024-03-01 14:36:30,C++,2,1,1,1,2,12,C++,443,generated by copilot,robomas_plugins\3f8e390e99c0f58307f56eb911ce0eb231ea4250\src\robomas_bridge.cpp,,statement,,3,"[445,465]",21,,,,,,,9,0,[],[],[],0,[],[],[],0,[],[],[],823,552,312,38,3,6,17.0,113,0,0,0,0.0,0,0,74,887,5.4,91,60,2.39,1.58,22,21,0,0,0,1,0.0,0,0,0,0,0.0,15,19,3.0,6,0,6.0,0.0,,,,0,0
92,LEDLights,2023-09-25 04:29:01,C++,,0,0,0,1,15,C++,238,generated by copilot,LEDLights\e40b34806011954b652cf2b96c3fa771a0277b3d\LedBuildingBlocks.cpp,LEDLights\a70b12e973b875b03624a9d68210c92f101ae5ce\LedBuildingBlocks.cpp,statement,,4,"[239,248]",10,,,,,,,4,1,[-4],['a70b12e973b875b03624a9d68210c92f101ae5ce'],"[[{'highest_ratio': 0.46153846153846156, 'best_match_position': (250, 259)}]]",1,[-4],['a70b12e973b875b03624a9d68210c92f101ae5ce'],"[[{'highest_ratio': 0.46153846153846156, 'best_match_position': (250, 259)}]]",0,[],[],[],1377,1012,523,99,21,17,11.5,132,26,2,1,1.9,0,0,308,2898,9.5,178,118,1.8,1.19,11,10,0,0,0,1,0.0,0,0,0,0,0.0,6,13,4.3,2,0,2.0,0.0,,,,0,0
93,SungToolsCpp,2023-11-03 08:38:22,C++,,0,0,0,1,148,C++,346,generated by copilot,SungToolsCpp\18e0136c295c22443c3e74879272ab27c1d32339\source\general\include\sung\general\linalg.hpp,,method,,16,"[348,368]",21,,,,,,,7,0,[],[],[],0,[],[],[],0,[],[],[],2791,1900,884,361,26,25,6.6,134,32,2,1,1.1,0,0,657,6046,10.6,458,94,1.27,0.26,22,17,15,1,0,1,0.0,0,0,0,0,0.0,4,38,7.5,2,1,2.0,1.0,,,,0,0
94,GithubGeneratedCode,2024-01-22 19:53:15,Makefile,,0,0,0,1,2,C++,66,generated by copilot,GithubGeneratedCode\a05eb9908a1a4a234131c3b30563a856a09c31c8\GithubBowling.cpp,,statement,,1,"[66,66]",1,,,,,,,1,0,[],[],[],0,[],[],[],0,[],[],[],1034,169,126,16,1,4,39.0,108,0,0,0,0.0,0,0,30,294,5.8,40,57,2.5,3.56,2,1,0,0,0,1,50.0,1,0,0,0,0.0,2,5,16.7,0,0,0.0,0.0,,,,0,0
95,can_plugins2_plus,2024-01-03 09:42:36,C++,,0,0,0,1,2,C++,383,generated by copilot,can_plugins2_plus\6f5a71eb355a86da5d8191c0a1f77543596bd313\src\buffered_slcan_bridge.cpp,,statement,,1,"[385,405]",21,,,,,,,1,0,[],[],[],0,[],[],[],0,[],[],[],1098,754,412,42,4,7,15.5,138,102,4,2,9.3,0,0,87,1108,4.9,116,81,2.76,1.93,22,21,0,0,0,1,0.0,0,0,0,0,0.0,15,19,3.0,6,0,6.0,0.0,,,,0,0
96,robomas_second_plugins,2024-04-12 16:44:38,C++,,0,0,0,1,3,C++,457,generated by copilot,robomas_second_plugins\91be214d9ae039bb8d553ced21affb9ed6e3a3d6\src\robomas_second_bridge.cpp,,statement,,0,"[459,479]",21,,,,,,,1,0,[],[],[],0,[],[],[],0,[],[],[],736,483,291,32,1,4,19.0,113,0,0,0,0.0,0,0,61,766,5.3,83,56,2.59,1.75,22,21,0,0,0,1,0.0,0,0,0,0,0.0,15,19,3.0,6,0,6.0,0.0,,,,0,0
97,cpp-raytracer,2023-11-06 22:31:15,C++,,0,0,0,1,50,C++,68,generated by copilot,cpp-raytracer\5971ddbef0e1de533494b6eca8fd1b7a44eac1b6\Code\image.h,cpp-raytracer\84fcadd8937133a552488c04918207f01480e007\Code\image.h,method,,6,"[73,82]",10,,,,,,,6,4,"[-3, -4, -5, -6]","['982ac006b011af2cdcf7d1573d48b0e2f9f99ac8', '030d8d80faa8d968df1aec77f1e3d6196ffa268d', '71982e9fedd84e66925ecc8c0cec1b89f7dcf1ce', '84fcadd8937133a552488c04918207f01480e007']","[[{'highest_ratio': 0.9703196347031964, 'best_match_position': (104, 113)}], [{'highest_ratio': 0.9703196347031964, 'best_match_position': (94, 103)}], [{'highest_ratio': 0.7583046964490263, 'best_match_position': (94, 103)}], [{'highest_ratio': 0.7653179190751445, 'best_match_position': (94, 103)}]]",3,"[-3, -5, -6]","['982ac006b011af2cdcf7d1573d48b0e2f9f99ac8', '71982e9fedd84e66925ecc8c0cec1b89f7dcf1ce', '84fcadd8937133a552488c04918207f01480e007']","[[{'highest_ratio': 0.9703196347031964, 'best_match_position': (104, 113)}], [{'highest_ratio': 0.7583046964490263, 'best_match_position': (94, 103)}], [{'highest_ratio': 0.7653179190751445, 'best_match_position': (94, 103)}]]",0,[],[],[],25642,14624,7944,956,170,15,21.3,3948,692,22,1,2.7,0,0,1653,17807,4.1,3970,2021,4.15,2.11,11,9,7,1,0,1,10.0,1,0,0,0,0.0,3,17,6.3,2,1,2.0,1.0,,,,0,0
98,cpp-raytracer,2023-11-06 22:31:15,C++,,0,0,0,1,50,C++,25,generated by copilot,cpp-raytracer\29e7d176b2ff54befc6bd820f3ec9124fe9fd87a\Code\camera.h,cpp-raytracer\ebd151ea4125aeb1b665b2dc736cfadfa589bdab\Code\camera.h,method,,6,"[17,48]",32,,,,,,,5,4,"[-2, -3, -4, -5]","['f9bff1ebde30ffba707126305e2564c222114c11', 'a9b864bb6af1d78a1bc23a948eaed7f35d5cbcf7', 'ebd151ea4125aeb1b665b2dc736cfadfa589bdab', '71982e9fedd84e66925ecc8c0cec1b89f7dcf1ce']","[[{'highest_ratio': 0.690928552314691, 'best_match_position': (29, 60)}], [{'highest_ratio': 0.5405682109035065, 'best_match_position': (33, 64)}], [{'highest_ratio': 0.6754807692307693, 'best_match_position': (22, 53)}], [{'highest_ratio': 0.6754807692307693, 'best_match_position': (22, 53)}]]",3,"[-2, -3, -4]","['f9bff1ebde30ffba707126305e2564c222114c11', 'a9b864bb6af1d78a1bc23a948eaed7f35d5cbcf7', 'ebd151ea4125aeb1b665b2dc736cfadfa589bdab']","[[{'highest_ratio': 0.690928552314691, 'best_match_position': (29, 60)}], [{'highest_ratio': 0.5405682109035065, 'best_match_position': (33, 64)}], [{'highest_ratio': 0.6754807692307693, 'best_match_position': (22, 53)}]]",1,[-4],['ebd151ea4125aeb1b665b2dc736cfadfa589bdab'],"[[{'highest_ratio': 0.6754807692307693, 'best_match_position': (22, 53)}]]",553,314,167,54,7,10,18.4,71,0,0,0,0.0,0,0,123,804,8.5,77,25,1.43,0.46,33,17,14,1,0,1,32.0,8,0,0,0,0.0,3,14,2.7,1,0,1.0,0.0,,,,0,0
99,cpp-raytracer,2023-11-06 22:31:15,C++,,0,0,0,1,50,C++,36,generated by copilot,cpp-raytracer\a9b864bb6af1d78a1bc23a948eaed7f35d5cbcf7\Code\renderer.cpp,cpp-raytracer\71982e9fedd84e66925ecc8c0cec1b89f7dcf1ce\Code\renderer.cpp,statement,,6,"[[37,48],[54,55],[64,73]]",24,,,,,,,25,23,"[-3, -4, -5, -6, -7, -8, -9, -10, -11, -12, -13, -14, -15, -16, -17, -18, -19, -20, -21, -22, -23, -24, -25]","['009e8bccbc91fd278e39ab9b9404a047669c6fee', '98ff2baba8ba470a45b05570e7572f6f4c40a4c7', '70a8e0f88f739807e83e82ba1fca028c4704a151', 'ba520edc4c342d139221fbedc706a174e49da5bb', 'c30dc427159db0d7f800592df09a2b6f44f06a64', 'b73ee71af3f482101a4a8b5a348e1cf03782f9b2', 'af6638edf1b6240d382ac2680d28be5fd1911390', 'ebd151ea4125aeb1b665b2dc736cfadfa589bdab', '46860d92f0238a4be9df0f13e95681642c153dfb', 'dc27fc6a39294b2ad28cefde0b090510975d5a56', '19060acf7ac00b2f52042896d53cd9a54488fdc5', '5971ddbef0e1de533494b6eca8fd1b7a44eac1b6', '982ac006b011af2cdcf7d1573d48b0e2f9f99ac8', '08cd493c450cdd293d67f7f23b3bba66b09705ab', 'a455cc2ff8918af0083c210122c19653ce2489fb', 'bd342433c0c379881df053838ef91b9f87310577', '164060536afc97ded606e5d02b38244d845a4d94', '030d8d80faa8d968df1aec77f1e3d6196ffa268d', '71982e9fedd84e66925ecc8c0cec1b89f7dcf1ce', 'ff00cd057333d47a71465670a14d63f8a9ec7c84', '8886bc499c9fed359bc03a68a0dda3722b56a396', 'f6a327a874376f5c28d4218007ee60af75d61ef4', '84fcadd8937133a552488c04918207f01480e007']","[[{'highest_ratio': 0.9488054607508533, 'best_match_position': (28, 39)}, {'highest_ratio': 0.9784172661870504, 'best_match_position': (50, 51)}, {'highest_ratio': 1.0, 'best_match_position': (60, 69)}], [{'highest_ratio': 0.9488054607508533, 'best_match_position': (28, 39)}, {'highest_ratio': 0.9784172661870504, 'best_match_position': (50, 51)}, {'highest_ratio': 0.694954128440367, 'best_match_position': (74, 83)}], [{'highest_ratio': 0.9488054607508533, 'best_match_position': (90, 101)}, {'highest_ratio': 0.9784172661870504, 'best_match_position': (112, 113)}, {'highest_ratio': 0.694954128440367, 'best_match_position': (139, 148)}], [{'highest_ratio': 0.9488054607508533, 'best_match_position': (101, 112)}, {'highest_ratio': 0.9784172661870504, 'best_match_position': (123, 124)}, {'highest_ratio': 0.694954128440367, 'best_match_position': (150, 159)}], [{'highest_ratio': 0.9488054607508533, 'best_match_position': (107, 118)}, {'highest_ratio': 0.9784172661870504, 'best_match_position': (129, 130)}, {'highest_ratio': 0.694954128440367, 'best_match_position': (156, 165)}], [{'highest_ratio': 0.9488054607508533, 'best_match_position': (123, 134)}, {'highest_ratio': 0.9784172661870504, 'best_match_position': (145, 146)}, {'highest_ratio': 0.8227272727272728, 'best_match_position': (181, 190)}], [{'highest_ratio': 0.9488054607508533, 'best_match_position': (114, 125)}, {'highest_ratio': 0.9784172661870504, 'best_match_position': (136, 137)}, {'highest_ratio': 0.8227272727272728, 'best_match_position': (172, 181)}], [{'highest_ratio': 0.9488054607508533, 'best_match_position': (103, 114)}, {'highest_ratio': 0.9784172661870504, 'best_match_position': (125, 126)}, {'highest_ratio': 0.8227272727272728, 'best_match_position': (161, 170)}], [{'highest_ratio': 0.9488054607508533, 'best_match_position': (123, 134)}, {'highest_ratio': 0.9784172661870504, 'best_match_position': (145, 146)}, {'highest_ratio': 0.8227272727272728, 'best_match_position': (181, 190)}], [{'highest_ratio': 0.9488054607508533, 'best_match_position': (136, 147)}, {'highest_ratio': 0.9784172661870504, 'best_match_position': (158, 159)}, {'highest_ratio': 0.8227272727272728, 'best_match_position': (194, 203)}], [{'highest_ratio': 0.9488054607508533, 'best_match_position': (154, 165)}, {'highest_ratio': 0.9784172661870504, 'best_match_position': (176, 177)}, {'highest_ratio': 0.8227272727272728, 'best_match_position': (212, 221)}], [{'highest_ratio': 0.9488054607508533, 'best_match_position': (157, 168)}, {'highest_ratio': 0.9784172661870504, 'best_match_position': (179, 180)}, {'highest_ratio': 0.8227272727272728, 'best_match_position': (215, 224)}], [{'highest_ratio': 0.9488054607508533, 'best_match_position': (164, 175)}, {'highest_ratio': 0.9784172661870504, 'best_match_position': (186, 187)}, {'highest_ratio': 0.8227272727272728, 'best_match_position': (222, 231)}], [{'highest_ratio': 0.9488054607508533, 'best_match_position': (164, 175)}, {'highest_ratio': 0.9784172661870504, 'best_match_position': (186, 187)}, {'highest_ratio': 0.8227272727272728, 'best_match_position': (222, 231)}], [{'highest_ratio': 0.9488054607508533, 'best_match_position': (174, 185)}, {'highest_ratio': 0.9784172661870504, 'best_match_position': (196, 197)}, {'highest_ratio': 0.8227272727272728, 'best_match_position': (232, 241)}], [{'highest_ratio': 0.9488054607508533, 'best_match_position': (207, 218)}, {'highest_ratio': 0.9784172661870504, 'best_match_position': (229, 230)}, {'highest_ratio': 0.8227272727272728, 'best_match_position': (265, 274)}], [{'highest_ratio': 0.9488054607508533, 'best_match_position': (208, 219)}, {'highest_ratio': 0.9784172661870504, 'best_match_position': (230, 231)}, {'highest_ratio': 0.8227272727272728, 'best_match_position': (266, 275)}], [{'highest_ratio': 0.9488054607508533, 'best_match_position': (194, 205)}, {'highest_ratio': 0.9784172661870504, 'best_match_position': (216, 217)}, {'highest_ratio': 0.8227272727272728, 'best_match_position': (252, 261)}], [{'highest_ratio': 0.8698630136986302, 'best_match_position': (195, 206)}, {'highest_ratio': 0.973621103117506, 'best_match_position': (218, 219)}, {'highest_ratio': 0.8204545454545454, 'best_match_position': (254, 263)}], [{'highest_ratio': 0.8698630136986302, 'best_match_position': (202, 213)}, {'highest_ratio': 0.973621103117506, 'best_match_position': (225, 226)}, {'highest_ratio': 0.8204545454545454, 'best_match_position': (261, 270)}], [{'highest_ratio': 0.8698630136986302, 'best_match_position': (202, 213)}, {'highest_ratio': 0.973621103117506, 'best_match_position': (225, 226)}, {'highest_ratio': 0.8204545454545454, 'best_match_position': (261, 270)}], [{'highest_ratio': 0.8698630136986302, 'best_match_position': (202, 213)}, {'highest_ratio': 0.973621103117506, 'best_match_position': (225, 226)}, {'highest_ratio': 0.8204545454545454, 'best_match_position': (261, 270)}], [{'highest_ratio': 0.8698630136986302, 'best_match_position': (203, 214)}, {'highest_ratio': 0.973621103117506, 'best_match_position': (226, 227)}, {'highest_ratio': 0.8204545454545454, 'best_match_position': (262, 271)}]]",2,"[-3, -21]","['009e8bccbc91fd278e39ab9b9404a047669c6fee', '71982e9fedd84e66925ecc8c0cec1b89f7dcf1ce']","[[{'highest_ratio': 0.9488054607508533, 'best_match_position': (28, 39)}, {'highest_ratio': 0.9784172661870504, 'best_match_position': (50, 51)}, {'highest_ratio': 1.0, 'best_match_position': (60, 69)}], [{'highest_ratio': 0.8698630136986302, 'best_match_position': (195, 206)}, {'highest_ratio': 0.973621103117506, 'best_match_position': (218, 219)}, {'highest_ratio': 0.8204545454545454, 'best_match_position': (254, 263)}]]",0,[],[],[],25273,14358,7739,918,167,12,21.5,3932,692,22,1,2.7,0,0,1567,17039,4.0,3900,1952,4.25,2.13,27,18,0,0,0,1,5.3,1,0,0,0,0.0,9,27,5.0,1,0,1.0,0.0,,,,0,0
100,cpp-raytracer,2023-11-06 22:31:15,C++,,0,0,0,1,50,C++,8,generated by copilot,cpp-raytracer\98ff2baba8ba470a45b05570e7572f6f4c40a4c7\Code\pointlight.h,cpp-raytracer\71982e9fedd84e66925ecc8c0cec1b89f7dcf1ce\Code\pointlight.h,statement,,6,"[9,11]",3,,,,,,,3,2,"[-2, -3]","['a455cc2ff8918af0083c210122c19653ce2489fb', '71982e9fedd84e66925ecc8c0cec1b89f7dcf1ce']","[[{'highest_ratio': 0.9852216748768473, 'best_match_position': (9, 11)}], [{'highest_ratio': 0.9359605911330049, 'best_match_position': (9, 11)}]]",2,"[-2, -3]","['a455cc2ff8918af0083c210122c19653ce2489fb', '71982e9fedd84e66925ecc8c0cec1b89f7dcf1ce']","[[{'highest_ratio': 0.9852216748768473, 'best_match_position': (9, 11)}], [{'highest_ratio': 0.9359605911330049, 'best_match_position': (9, 11)}]]",0,[],[],[],25432,14470,7805,940,169,14,21.4,3938,692,22,1,2.7,0,0,1614,17414,4.0,3927,1967,4.18,2.09,4,3,2,3,0,1,0.0,0,0,0,0,0.0,8,46,51.1,3,0,1.0,0.0,,,,0,0
101,cpp-raytracer,2023-11-06 22:31:15,C++,,0,0,0,1,50,C++,14,generated by copilot,cpp-raytracer\98ff2baba8ba470a45b05570e7572f6f4c40a4c7\Code\material.h,cpp-raytracer\71982e9fedd84e66925ecc8c0cec1b89f7dcf1ce\Code\material.h,statement,,6,"[15,27]",13,,,,,,,5,4,"[-2, -3, -4, -5]","['70a8e0f88f739807e83e82ba1fca028c4704a151', '19060acf7ac00b2f52042896d53cd9a54488fdc5', '28209104971d9f704ca00753056131d65132be3b', '71982e9fedd84e66925ecc8c0cec1b89f7dcf1ce']","[[{'highest_ratio': 0.7636901825357671, 'best_match_position': (15, 27)}], [{'highest_ratio': 0.749869994799792, 'best_match_position': (15, 27)}], [{'highest_ratio': 0.6677231907025885, 'best_match_position': (22, 34)}], [{'highest_ratio': 0.46778285134449515, 'best_match_position': (12, 24)}]]",4,"[-2, -3, -4, -5]","['70a8e0f88f739807e83e82ba1fca028c4704a151', '19060acf7ac00b2f52042896d53cd9a54488fdc5', '28209104971d9f704ca00753056131d65132be3b', '71982e9fedd84e66925ecc8c0cec1b89f7dcf1ce']","[[{'highest_ratio': 0.7636901825357671, 'best_match_position': (15, 27)}], [{'highest_ratio': 0.749869994799792, 'best_match_position': (15, 27)}], [{'highest_ratio': 0.6677231907025885, 'best_match_position': (22, 34)}], [{'highest_ratio': 0.46778285134449515, 'best_match_position': (12, 24)}]]",0,[],[],[],25432,14470,7805,940,169,14,21.4,3938,692,22,1,2.7,0,0,1614,17414,4.0,3927,1967,4.18,2.09,14,12,9,11,0,1,0.0,0,0,0,0,0.0,26,200,55.6,11,0,1.0,0.0,,,,0,0
102,cpp-raytracer,2023-11-06 22:31:15,C++,,0,0,0,1,50,C++,23,generated by copilot,cpp-raytracer\cd33860cc5526fe95d6d60bed9a61340550acbb6\Code\cylinder.h,cpp-raytracer\8886bc499c9fed359bc03a68a0dda3722b56a396\Code\cylinder.h,method,,6,"[24,51]",28,,,,,,,16,15,"[-2, -3, -4, -5, -6, -7, -8, -9, -10, -11, -12, -13, -14, -15, -16]","['f9bff1ebde30ffba707126305e2564c222114c11', '992bcf195ce41764472e35b4895ea35ecf3df5d7', '9cb83e3b495f135877665a0fce342bd89de60801', '58d49623b6db066c98ff42bae7b865f8595aacc5', '202907b4986aede98512e37ba0d1c0855368dcd5', '98ff2baba8ba470a45b05570e7572f6f4c40a4c7', '70a8e0f88f739807e83e82ba1fca028c4704a151', 'ba520edc4c342d139221fbedc706a174e49da5bb', 'c30dc427159db0d7f800592df09a2b6f44f06a64', 'ebd151ea4125aeb1b665b2dc736cfadfa589bdab', '982ac006b011af2cdcf7d1573d48b0e2f9f99ac8', '08cd493c450cdd293d67f7f23b3bba66b09705ab', '71982e9fedd84e66925ecc8c0cec1b89f7dcf1ce', '8886bc499c9fed359bc03a68a0dda3722b56a396', 'f6a327a874376f5c28d4218007ee60af75d61ef4']","[[{'highest_ratio': 0.9799607072691552, 'best_match_position': (26, 53)}], [{'highest_ratio': 0.8551136363636364, 'best_match_position': (24, 51)}], [{'highest_ratio': 0.8622927180966113, 'best_match_position': (24, 51)}], [{'highest_ratio': 0.8613611811307166, 'best_match_position': (24, 51)}], [{'highest_ratio': 0.8285302593659942, 'best_match_position': (27, 54)}], [{'highest_ratio': 0.8285302593659942, 'best_match_position': (30, 57)}], [{'highest_ratio': 0.8268602540834846, 'best_match_position': (31, 58)}], [{'highest_ratio': 0.8268602540834846, 'best_match_position': (31, 58)}], [{'highest_ratio': 0.8287053732419762, 'best_match_position': (33, 60)}], [{'highest_ratio': 0.729466718567536, 'best_match_position': (29, 56)}], [{'highest_ratio': 0.729466718567536, 'best_match_position': (29, 56)}], [{'highest_ratio': 0.729466718567536, 'best_match_position': (30, 57)}], [{'highest_ratio': 0.7115609186453873, 'best_match_position': (53, 80)}], [{'highest_ratio': 0.6809015421115066, 'best_match_position': (47, 74)}], [{'highest_ratio': 0.6809015421115066, 'best_match_position': (47, 74)}]]",10,"[-2, -3, -4, -5, -6, -8, -10, -11, -14, -15]","['f9bff1ebde30ffba707126305e2564c222114c11', '992bcf195ce41764472e35b4895ea35ecf3df5d7', '9cb83e3b495f135877665a0fce342bd89de60801', '58d49623b6db066c98ff42bae7b865f8595aacc5', '202907b4986aede98512e37ba0d1c0855368dcd5', '70a8e0f88f739807e83e82ba1fca028c4704a151', 'c30dc427159db0d7f800592df09a2b6f44f06a64', 'ebd151ea4125aeb1b665b2dc736cfadfa589bdab', '71982e9fedd84e66925ecc8c0cec1b89f7dcf1ce', '8886bc499c9fed359bc03a68a0dda3722b56a396']","[[{'highest_ratio': 0.9799607072691552, 'best_match_position': (26, 53)}], [{'highest_ratio': 0.8551136363636364, 'best_match_position': (24, 51)}], [{'highest_ratio': 0.8622927180966113, 'best_match_position': (24, 51)}], [{'highest_ratio': 0.8613611811307166, 'best_match_position': (24, 51)}], [{'highest_ratio': 0.8285302593659942, 'best_match_position': (27, 54)}], [{'highest_ratio': 0.8268602540834846, 'best_match_position': (31, 58)}], [{'highest_ratio': 0.8287053732419762, 'best_match_position': (33, 60)}], [{'highest_ratio': 0.729466718567536, 'best_match_position': (29, 56)}], [{'highest_ratio': 0.7115609186453873, 'best_match_position': (53, 80)}], [{'highest_ratio': 0.6809015421115066, 'best_match_position': (47, 74)}]]",3,"[-5, -10, -11]","['58d49623b6db066c98ff42bae7b865f8595aacc5', 'c30dc427159db0d7f800592df09a2b6f44f06a64', 'ebd151ea4125aeb1b665b2dc736cfadfa589bdab']","[[{'highest_ratio': 0.8613611811307166, 'best_match_position': (24, 51)}], [{'highest_ratio': 0.8287053732419762, 'best_match_position': (33, 60)}], [{'highest_ratio': 0.729466718567536, 'best_match_position': (29, 56)}]]",423,244,136,48,6,8,18.7,56,0,0,0,0.0,0,0,105,689,9.4,68,21,1.42,0.44,29,17,15,1,0,1,19.0,4,0,0,0,0.0,4,18,3.5,5,4,5.0,4.0,,,,0,0
103,can_plugins2_plus,2024-01-03 09:42:36,C++,,0,0,0,1,2,C++,277,generated by copilot,can_plugins2_plus\6f5a71eb355a86da5d8191c0a1f77543596bd313\src\slcan_bridge.cpp,,statement,,1,"[279,299]",21,,,,,,,2,0,[],[],[],0,[],[],[],0,[],[],[],1098,754,412,42,4,7,15.5,138,102,4,2,9.3,0,0,87,1108,4.9,116,81,2.76,1.93,22,21,0,0,0,1,0.0,0,0,0,0,0.0,15,19,3.0,6,0,6.0,0.0,,,,0,0
104,beagle-dashcam,2024-02-21 18:20:57,C++,4,0,1,0,1,47,C++,82,generated by gpt3,beagle-dashcam\30249cbcca24aaf477fb651a4d292e927e8370bb\hal\src\gps.cpp,,statement,,4,"[81,89]",9,,,,,,,2,0,[],[],[],0,[],[],[],0,[],[],[],1154,775,596,40,2,11,9.6,82,0,0,0,0.0,0,0,82,1226,5.3,181,184,4.53,4.6,10,7,0,0,0,1,12.5,1,0,0,0,0.0,5,9,4.3,2,0,2.0,0.0,,,,0,0
105,noh,2023-03-30 05:00:34,C++,3,183,26,5,7,349,C++,353,generated by gpt-4,noh\50bc7407c3b380fe052e1959fd147391b28cb61c\src\k2\c_soundmanager.h,,class,,120,"[344,428]",85,,,,,,,1,0,[],[],[],0,[],[],[],0,[],[],[],839162,514888,528420,53870,3426,2880,9.7,55600,268852,6890,731,32.0,0,0,111841,1112655,7.2,115031,124242,2.14,2.31,86,77,40,71,0,1,1.3,1,0,0,0,0.0,158,1280,55.4,71,0,1.0,0.0,,,,0,0
116,foldmason,2023-11-27 07:40:31,C,6,13,0,2,3,430,C++,412,generated with copilot,foldmason\535aa79a0629e210b97ed47a73b88faf9c45b9b8\lib\foldseek\lib\foldcomp\src\sidechain.cpp,,method,,87,"[409,428]",20,,,,,,,1,0,[],[],[],0,[],[],[],0,[],[],[],433955,231062,125566,13180,1485,1200,13.1,34908,11814,473,91,2.7,0,0,32967,383735,5.5,31312,32057,2.38,2.43,21,16,12,1,0,1,20.0,4,0,0,0,0.0,4,27,5.6,4,3,4.0,3.0,,,,0,0
117,domaicomp,2024-03-07 17:22:50,C,14,0,0,0,1,927,C++,412,generated with copilot,domaicomp\b92a50a7a9e0c69cfefc05bc0f6decf2cb38b322\lib\foldcomp\src\sidechain.cpp,,method,,246,"[409,428]",20,,,,,,,1,0,[],[],[],0,[],[],[],0,[],[],[],422370,223213,120142,12987,1448,1151,13.2,33993,8673,460,87,2.1,0,0,31908,369742,5.5,30131,30387,2.32,2.34,21,16,12,1,0,1,20.0,4,0,0,0,0.0,4,27,5.6,4,3,4.0,3.0,,,,0,0
