index,project_name,create_time,project_language,contributor,star,fork,issues,watch,project_commits,code_language,keyword_index,matched_keyword,url_of_first_file_commit,path_of_first_file_commit,final_change_commit_path,code_granularity_data,code_func_type,number_of_bug_or_vulnerability_all_commit,comments,start_end_line_data,first_loc,final_start_end_line_data,final_loc_add,final_loc_minus,final_change_type,test_code_data,regular_expression_data,number_of_commits,number_of_change_commit_to_first,change_commit_to_first_index,change_commit_to_first_hash,change_commit_to_first_blocks,number_of_all_change_commit,all_change_commit_index,all_change_commit_hash,all_change_commit_blocks,number_of_all_change_fix_commit,real_fixed_commit_number,real_fixed_commit_hash,real_fixed_commit_reason,all_change_fix_commit_index,all_change_fix_commit_hash,all_change_fix_commit_blocks,project_lines,project_locs,project_statements,project_functions,project_classes,project_files,project_density_comments,project_comments,project_duplicated_lines,project_duplicated_blocks,project_duplicated_files,project_duplicated_lines_density,project_vulnerability,project_bugs,project_code_smells,project_sqale_index,project_sqale_debt_ratio,project_complexity_all,project_cognitive_complexity_all,project_complexity_mean_method,project_cognitive_complexity_mean_method,code_lines,code_locs,code_statements,code_functions,code_classes,code_files,code_density_comments,code_comments,code_duplicated_lines,code_duplicated_blocks,code_duplicated_files,code_duplicated_lines_density,code_code_smells,code_sqale_index,code_sqale_debt_ratio,code_complexity_all,code_cognitive_complexity_all,code_complexity_mean_method,code_cognitive_complexity_mean_method,manual_vs_gpt_loc_ratio,manual_vs_gpt_change_commit_ratio,manual_vs_gpt_change_fix_commit_ratio
,computer-sciences,2019/9/17 9:30,C,2,98,51,0,13,459,Python,1,created by chatgpt,,computer-sciences\130bbc82bfd9e92b76723abcdf6a486d3440284d\Python\exams\shells\chatgpt.py,,file,,,,"[1,58]",58,,,,,,,1,0,[],[],[],0,[],[],[],0,,,,[],[],[],,,,,,,,,,,,,,,,,,,,,,,,,,,,,,,,,,,,,,,,,,,
,ISMS,2021/12/12 4:21,Shell,,15,5,0,3,968,Python,1,created by chatgpt,,ISMS\17339aa6407867f48966304240d84fdc8ba844e2\devops\GPT\webpage_hash.py,,file,,,,"[1,38]",38,,,,,,,1,0,[],[],[],0,[],[],[],0,,,,[],[],[],,,,,,,,,,,,,,,,,,,,,,,,,,,,,,,,,,,,,,,,,,,
,sd-trainer,2023/1/23 8:05,Python,,69,10,1,3,305,Python,86,created by chatgpt,,sd-trainer\833fac9d98cce4f14a2906adfa04ea3bf93fc365\tools\create_control_lora.py,,statement,,,,"[87,90]",4,,,,,,,2,0,[],[],[],0,[],[],[],0,,,,[],[],[],,,,,,,,,,,,,,,,,,,,,,,,,,,,,,,,,,,,,,,,,,,
,glowing-robot,2014/12/2 1:16,HTML,,3,0,0,2,186,Python,2,created by chatgpt,,glowing-robot\6d37c90d2229eebbded8a435c40d6482ae29d0c2\jigsaw\Puzzle_Piece_Identifier.py,,file,,,,"[1,39]",39,,,,,,,1,0,[],[],[],0,[],[],[],0,,,,[],[],[],,,,,,,,,,,,,,,,,,,,,,,,,,,,,,,,,,,,,,,,,,,
5,neurorient,2023/8/23 1:48,Jupyter Notebook,2,1,0,0,2,110,Python,4,created by chatgpt,,neurorient\4116c5502f90107e044c5cc69b6662d6034170f7\neurorient\logger.py,neurorient\c0021da1842430405f1c279b314d46f9b32a8084\neurorient\logger.py,file,,11,,"[1,27]",27,,,,,,,2,1,[-2],['c0021da1842430405f1c279b314d46f9b32a8084'],"[[{'highest_ratio': 0.9959231217239372, 'best_match_position': (1, 27)}]]",1,[-2],['c0021da1842430405f1c279b314d46f9b32a8084'],"[[{'highest_ratio': 0.9959231217239372, 'best_match_position': (1, 27)}]]",1,,,,[-2],['c0021da1842430405f1c279b314d46f9b32a8084'],"[[{'highest_ratio': 0.9959231217239372, 'best_match_position': (1, 27)}]]",4985,2903,2360,195,40,36,24.3,930,769,17,5,15.4,0,1,65,275,0.3,522,506,2.68,2.59,27,16,18,4,1,1,23.8,5,0,0,0,0,0,0,0,6,2,1.5,0.5,,,
6,markpickle,2023/3/13 15:15,Python,,2,1,0,3,32,Python,7,created by chatgpt,,markpickle\b24c8723a005f49cf0cc9c353c06259d4a51a75e\create_examples_by_file.py,,method,,1,,"[6,15]",10,,,,,,,1,0,[],[],[],0,[],[],[],0,,,,[],[],[],4256,2837,1509,150,7,92,18.4,639,560,52,8,13.2,0,0,33,306,0.4,397,453,2.65,3.02,11,7,6,1,0,1,12.5,1,0,0,0,0,0,0,0,2,1,2,1,,,
,POS2IDON,2023/1/16 16:01,Python,3,12,4,2,2,159,Python,108,created by chatgpt,,POS2IDON\c0436c68491321111400bebee5cfa60a225996bf\modules\Tiling.py,POS2IDON\c1bf97be1dfcca99a5ff7354844affa5b2ca550f\modules\Tiling.py,method,,1,,"[104,194]",91,,,,,,,2,1,[-2],['c1bf97be1dfcca99a5ff7354844affa5b2ca550f'],"[[{'highest_ratio': 0.9865905355134528, 'best_match_position': (102, 192)}]]",1,[-2],['c1bf97be1dfcca99a5ff7354844affa5b2ca550f'],"[[{'highest_ratio': 0.9865905355134528, 'best_match_position': (102, 192)}]]",0,,,,[],[],[],,,,,,,,,,,,,,,,,,,,,,,,,,,,,,,,,,,,,,,,,,,
,website-2023,2022/10/21 15:47,SCSS,3,2,1,0,2,172,Python,1,created by chatgpt,,website-2023\147b53d4ac53797daeb42d3526ab61e6d2a86171\static\python-scripts\poster_filter.py,,file,,,,"[1,40]",40,,,,,,,1,0,[],[],[],0,[],[],[],0,,,,[],[],[],,,,,,,,,,,,,,,,,,,,,,,,,,,,,,,,,,,,,,,,,,,
9,python-2draycasting-lines,2023/10/14 14:35,Python,,0,0,0,1,6,Python,7,created by chatgpt,,python-2draycasting-lines\e848288fd0a6ceb9e53f9092579624ea43effdf0\utils.py,,method,,2,,"[8,62]",55,,,,,,,2,0,[],[],[],0,[],[],[],0,,,,[],[],[],547,332,306,28,7,14,7.5,27,0,0,0,0,0,0,9,265,2.7,63,42,2.25,1.5,56,31,30,3,0,1,29.5,13,0,0,0,0,0,0,0,6,4,2,1.33,,,
11,simplify-ecom,2023/8/1 21:40,Python,2,1,0,0,1,101,Python,1,created by chatgpt,,simplify-ecom\30b605d2d28938b07c4da6ea2ea45b659ebc26b4\sql.py,simplify-ecom\dbda2cad74b8cee93ba6cc5cd8e0786ba3b390d9\sql.py,file,,22,,"[1,100]",100,,,,,,,4,3,"[-2, -3, -4]","['8c70a8d823f78d4932e8dc9789137767952a5f24', '79552a7729b3373f293ad3f5299b813275abb4d2', 'dbda2cad74b8cee93ba6cc5cd8e0786ba3b390d9']","[[{'highest_ratio': 0.7127566239691174, 'best_match_position': (1, 120)}], [{'highest_ratio': 0.7416058394160584, 'best_match_position': (1, 111)}], [{'highest_ratio': 0.7414705345739828, 'best_match_position': (1, 112)}]]",3,"[-2, -3, -4]","['8c70a8d823f78d4932e8dc9789137767952a5f24', '79552a7729b3373f293ad3f5299b813275abb4d2', 'dbda2cad74b8cee93ba6cc5cd8e0786ba3b390d9']","[[{'highest_ratio': 0.7127566239691174, 'best_match_position': (1, 120)}], [{'highest_ratio': 0.7416058394160584, 'best_match_position': (1, 111)}], [{'highest_ratio': 0.7414705345739828, 'best_match_position': (1, 112)}]]",0,,,,[],[],[],100,61,34,0,0,1,16.4,12,0,0,0,0,0,0,0,0,0,1,2,1,2,100,61,34,0,0,1,16.4,12,0,0,0,0,0,0,0,1,2,1,2,,,
,vim_config,2022/4/13 17:45,Vim Script,2,1,0,0,2,56,Python,1,created by chatgpt,,vim_config\915748b7ee5c3b815db03429fce3181c7bfb7816\scripts\update_license_headers.py,vim_config\2e21e83b3cbdd2d7d290d4944b33be8ec85ca0fd\scripts\update_license_headers.py,file,,,,"[1,32]",32,,,,,,,2,1,[-2],['2e21e83b3cbdd2d7d290d4944b33be8ec85ca0fd'],"[[{'highest_ratio': 0.8556455454978561, 'best_match_position': (1, 36)}]]",1,[-2],['2e21e83b3cbdd2d7d290d4944b33be8ec85ca0fd'],"[[{'highest_ratio': 0.8556455454978561, 'best_match_position': (1, 36)}]]",0,,,,[],[],[],,,,,,,,,,,,,,,,,,,,,,,,,,,,,,,,,,,,,,,,,,,
13,WD65C02_FPGA,2023/9/24 19:58,VHDL,2,1,0,0,1,111,Python,1,created by chatgpt,,WD65C02_FPGA\174bb2e32be1f70311bbba6a239ed2a2763c7fa4\ASM\GameOfLife\DumpGameBoardMem.py,WD65C02_FPGA\c8869b8999901920b8c009f5a2a19658213fd0f4\ASM\GameOfLife\DumpGameBoardMem.py,file,,17,,"[1,38]",38,,,,,,,2,1,[-2],['c8869b8999901920b8c009f5a2a19658213fd0f4'],"[[{'highest_ratio': 0.8340734759790068, 'best_match_position': (1, 38)}]]",1,[-2],['c8869b8999901920b8c009f5a2a19658213fd0f4'],"[[{'highest_ratio': 0.8340734759790068, 'best_match_position': (1, 38)}]]",0,,,,[],[],[],125,90,88,6,0,2,13.5,14,0,0,0,0,0,0,0,0,0,20,24,3.33,4,38,27,26,2,0,1,10,3,0,0,0,0,0,0,0,7,9,3.5,4.5,,,
15,YapaySinirAglari,2024/1/4 19:56,Python,,0,0,0,1,2,Python,158,created by chatgpt,,YapaySinirAglari\c948221802479c6d9d5885540ebe4dafdc28b6a7\main.py,,method,,0,,"[159,217]",59,,,,,,,1,0,[],[],[],0,[],[],[],0,,,,[],[],[],428,246,237,16,2,3,23.4,75,0,0,0,0,0,0,42,90,1.2,33,27,2.06,1.69,60,30,23,1,0,1,37.5,18,0,0,0,0,0,0,0,7,10,7,10,,,
16,moodify_app,2023/12/18 6:26,Python,,0,0,0,2,98,Python,66,created by chatgpt,,moodify_app\5ecded464869830fb1a278486e96afec36d5b0ac\py script\calculate_mood_score.py,,statement,,0,,"[67,82]",16,,,,,,,1,0,[],[],[],0,[],[],[],0,,,,[],[],[],395,278,190,7,1,3,12.9,41,0,0,0,0,0,1,1,5,0.1,18,18,2.57,2.57,17,13,13,0,0,1,18.8,3,0,0,0,0,0,0,0,0,0,0,0,,,
19,COMS-127,2024/4/5 6:39,Python,,0,0,0,1,3,Python,4,created by chatgpt,,COMS-127\37a36c2f14f7a050e6423e6cceeb79839b7ba639\COMS127\asignments\fourInSequence.py,,file,,0,,"[1,490]",490,,,,,,,1,0,[],[],[],0,[],[],[],0,,,,[],[],[],2795,1593,1453,160,0,40,24.6,520,0,0,0,0,0,3,254,1787,3.7,376,429,2.35,2.68,490,258,217,21,0,1,38,158,0,0,0,0,49,365,4.7,99,151,4.71,7.19,,,
20,Neural-Python-Network,2023/7/8 2:13,Python,,0,0,0,1,1,Python,2,created by chatgpt,,Neural-Python-Network\7f3bc86467805337f15b4586e4322a1a9b820236\ChatGPT Neural Network.py,,file,,0,,"[1,98]",98,,,,,,,1,0,[],[],[],0,[],[],[],0,,,,[],[],[],890,433,293,30,18,12,40.6,296,193,4,2,21.7,0,0,31,80,0.6,37,8,1.23,0.27,98,47,48,6,5,1,40.5,32,0,0,0,0,9,18,1.3,7,1,1.17,0.17,,,
,vim_config,2022/4/13 17:45,Vim Script,2,1,0,0,2,56,Python,1,created by chatgpt,,vim_config\2e21e83b3cbdd2d7d290d4944b33be8ec85ca0fd\scripts\check_copyright_headers.py,,file,,0,,"[1,28]",28,,,,,,,1,0,[],[],[],0,[],[],[],0,,,,[],[],[],,,,,,,,,,,,,,,,,,,,,,,,,,,,,,,,,,,,,,,,,,,
23,neurorient,2023/8/23 1:48,Jupyter Notebook,2,1,0,0,2,110,Python,13,created by chatgpt,,neurorient\1d34765b7588e11c385433277e3b203df300b51c\neurorient\utils_config.py,neurorient\cb5989cda16e674f0b83f3f34f7da17594369be1\neurorient\utils_config.py,method,,11,,"[11,45]",35,,,,,,,2,1,[-2],['cb5989cda16e674f0b83f3f34f7da17594369be1'],"[[{'highest_ratio': 0.8962877918101799, 'best_match_position': (11, 45)}]]",1,[-2],['cb5989cda16e674f0b83f3f34f7da17594369be1'],"[[{'highest_ratio': 0.8962877918101799, 'best_match_position': (11, 45)}]]",0,,,,[],[],[],4335,2693,2172,186,38,33,23.8,840,238,10,2,5.5,0,0,60,277,0.3,481,465,2.59,2.5,36,14,16,2,0,1,53.3,16,0,0,0,0,0,0,0,7,7,3.5,3.5,,,
,arcane_suite,2022/7/28 15:47,Python,,1,0,5,1,88,Python,99,created by chatgpt,,arcane_suite\9e179aee3af5cb249a2047e92136bcfb05fe0ba4\src\arcane_utils\misc.py,arcane_suite\ebcde61e31484ccf3ea30784faf36ec11c949876\src\arcane_utils\misc.py,method,,,,"[84,157]",74,,,,,,,3,2,"[-2, -3]","['ebcde61e31484ccf3ea30784faf36ec11c949876', '0912776edecbb438525dd8467fe18bf55eeddfa7']","[[{'highest_ratio': 0.9770209273697169, 'best_match_position': (84, 157)}], [{'highest_ratio': 0.9770209273697169, 'best_match_position': (90, 163)}]]",1,[-2],['ebcde61e31484ccf3ea30784faf36ec11c949876'],"[[{'highest_ratio': 0.9770209273697169, 'best_match_position': (84, 157)}]]",0,,,,[],[],[],,,,,,,,,,,,,,,,,,,,,,,,,,,,,,,,,,,,,,,,,,,
,arcane_suite,2022/7/28 15:47,Python,,1,0,5,1,88,Python,86,created by chatgpt,,arcane_suite\9e179aee3af5cb249a2047e92136bcfb05fe0ba4\src\arcane_utils\casa_wrapper.py,,method,,0,,"[77,112]",36,,,,,,,2,0,[],[],[],0,[],[],[],0,,,,[],[],[],,,,,,,,,,,,,,,,,,,,,,,,,,,,,,,,,,,,,,,,,,,
26,2800-202310-BBY01,2023/4/24 17:50,JavaScript,4,1,1,0,1,1108,Python,8,created by chatgpt,,2800-202310-BBY01\7cdbdc4756bda996b2535cca5fa55a31219cc18d\server\PnCGenerator\Fitness.py,,file,,109,,"[1,36]",36,,,,,,,1,0,[],[],[],0,[],[],[],0,,,,[],[],[],152,116,84,0,0,4,9.4,12,0,0,0,0,0,0,0,0,0,8,8,8,8,36,27,19,0,0,1,10,3,0,0,0,0,0,0,0,2,2,2,2,,,
,demos-python,2013/10/1 11:23,Python,2,5,2,0,4,1489,Python,5,created by chatgpt,,demos-python\b0d26746c4a64930c79a12b3d78f5a4bf2ee6731\src\examples\short\apps\make_video_snippet\create_with_filenames.py,,file,,,,"[1,45]",45,,,,,,,1,0,[],[],[],0,[],[],[],0,,,,[],[],[],,,,,,,,,,,,,,,,,,,,,,,,,,,,,,,,,,,,,,,,,,,
,p13i.github.io,2017/7/16 0:15,JavaScript,2,1,0,17,1,1070,Python,3,created by chatgpt,,p13i.github.io\ebf963deb111d505f0b1e04bfaea56e3d9d5c623\scripts\generate_sitemap.py,,method,,,,"[4,23]",20,,,,,,,1,0,[],[],[],0,[],[],[],0,,,,[],[],[],,,,,,,,,,,,,,,,,,,,,,,,,,,,,,,,,,,,,,,,,,,
,arcane_suite,2022/7/28 15:47,Python,,1,0,5,1,88,Python,61,created by chatgpt,,arcane_suite\19ca9d9a51fc7873ad6a599a34ab6c531f32ae36\src\arcane_utils\visual_diagnostics.py,arcane_suite\f722233c54e984612b1c906a1ea0e5cac1c9c8b1\src\arcane_utils\visual_diagnostics.py,method,,11,,"[53,114]",62,,,,,,,8,7,"[-2, -3, -4, -5, -6, -7, -8]","['4d0890f91f559686b62206a7c2f43002d8bff6c8', '9e179aee3af5cb249a2047e92136bcfb05fe0ba4', 'e8bb516fa1b6c3dec7087e3aeba9fc3ab84a05bf', 'e50ef45ef30cbc7dbb2741875de3ecd60edcdf52', '0ca03b63d3ff174f3f3813de6ac331e11e1da072', 'ea1a411283dddef5376544509944873c14eb3f42', 'f722233c54e984612b1c906a1ea0e5cac1c9c8b1']","[[{'highest_ratio': 0.9963837481386939, 'best_match_position': (53, 114)}], [{'highest_ratio': 0.7396751740139211, 'best_match_position': (53, 114)}], [{'highest_ratio': 0.6518972425170869, 'best_match_position': (58, 119)}], [{'highest_ratio': 0.6518972425170869, 'best_match_position': (58, 119)}], [{'highest_ratio': 0.6518928901200369, 'best_match_position': (63, 124)}], [{'highest_ratio': 0.577490774907749, 'best_match_position': (80, 141)}], [{'highest_ratio': 0.5824706694271912, 'best_match_position': (97, 158)}]]",6,"[-2, -3, -4, -6, -7, -8]","['4d0890f91f559686b62206a7c2f43002d8bff6c8', '9e179aee3af5cb249a2047e92136bcfb05fe0ba4', 'e8bb516fa1b6c3dec7087e3aeba9fc3ab84a05bf', '0ca03b63d3ff174f3f3813de6ac331e11e1da072', 'ea1a411283dddef5376544509944873c14eb3f42', 'f722233c54e984612b1c906a1ea0e5cac1c9c8b1']","[[{'highest_ratio': 0.9963837481386939, 'best_match_position': (53, 114)}], [{'highest_ratio': 0.7396751740139211, 'best_match_position': (53, 114)}], [{'highest_ratio': 0.6518972425170869, 'best_match_position': (58, 119)}], [{'highest_ratio': 0.6518928901200369, 'best_match_position': (63, 124)}], [{'highest_ratio': 0.577490774907749, 'best_match_position': (80, 141)}], [{'highest_ratio': 0.5824706694271912, 'best_match_position': (97, 158)}]]",3,,,,"[-2, -3, -7]","['4d0890f91f559686b62206a7c2f43002d8bff6c8', '9e179aee3af5cb249a2047e92136bcfb05fe0ba4', 'ea1a411283dddef5376544509944873c14eb3f42']","[[{'highest_ratio': 0.9963837481386939, 'best_match_position': (53, 114)}], [{'highest_ratio': 0.7396751740139211, 'best_match_position': (53, 114)}], [{'highest_ratio': 0.577490774907749, 'best_match_position': (80, 141)}]]",,,,,,,,,,,,,,,,,,,,,,,,,,,,,,,,,,,,,,,,,,,
30,words_guesser,2024/5/7 23:02,Python,,0,0,0,1,19,Python,8,created by chatgpt,,words_guesser\f33868367b0274aaf127ad0246fd2f2d81f78c66\classes\wordsbank.py,,statement,,0,,"[9,160]",152,,,,,,input,1,0,[],[],[],0,[],[],[],0,,,,[],[],[],325,248,83,11,4,7,17.1,51,0,0,0,0,0,0,1,6,0.1,16,12,1.45,1.09,153,152,1,0,0,1,0,0,0,0,0,0,0,0,0,0,0,0,0,,,
34,PyProteomics,2024/1/17 12:36,Jupyter Notebook,,0,0,0,1,8,Python,99,created by chatgpt,,PyProteomics\d110f16eb45046b69883c55160c50500b41289a9\maths.py,,method,,0,,"[97,142]",46,,,,,,,1,0,[],[],[],0,[],[],[],0,,,,[],[],[],817,423,397,12,0,5,39.8,280,78,2,2,9.5,0,0,25,122,1,32,26,2.67,2.17,46,17,16,1,0,1,52.8,19,0,0,0,0,0,0,0,2,1,2,1,,,
36,backend,2024/3/17 21:01,Python,,0,0,6,0,23,Python,39,created by chatgpt,,backend\2a8b52493d9195046114127f3f8387e95d1b5a06\src\utils.py,,method,,6,,"[37,53]",17,,,,,,,4,0,[],[],[],0,[],[],[],0,,,,[],[],[],1198,785,519,46,13,15,15.3,142,0,0,0,0,0,0,11,61,0.3,69,44,1.5,0.96,18,5,7,2,0,1,66.7,10,0,0,0,0,0,0,0,3,1,1.5,0.5,,,
37,Hypothesizer-CLI,2023/6/14 18:25,Python,3,0,3,0,2,44,Python,3,created by chatgpt,,Hypothesizer-CLI\51c51a4562228c44f26e13e24cbe998932fe82c4\Parsers\SemgrepConversion.py,,method,,1,,"[4,9]",6,,,,,,,1,0,[],[],[],0,[],[],[],0,,,,[],[],[],833,593,532,29,0,4,18.9,138,197,13,1,23.6,0,0,125,752,4.2,158,421,5.45,14.52,7,4,4,1,0,1,33.3,2,0,0,0,0,0,0,0,1,0,1,0,,,
39,CS_50_final_project_best_jokes_app,2024/2/18 23:32,Python,,0,0,0,1,3,Python,7,created by chatgpt,,CS_50_final_project_best_jokes_app\e1dd42bc996e42e98c1f02e042706b4ed2d279b6\seed_db.py,,statement,,1,,"[8,91]",84,,,,,,input,2,0,[],[],[],0,[],[],[],0,,,,[],[],[],510,403,220,13,4,5,3.8,16,0,0,0,0,0,0,9,73,0.6,54,56,4.15,4.31,85,83,1,0,0,1,1.2,1,0,0,0,0,0,0,0,0,0,0,0,,,
,image_tool,2019/11/3 17:57,Shell,,0,0,0,2,16,Python,5,created by chatgpt,,image_tool\b7e457736a22c399f7bfff1db4091886fde30c6b\google_photos_upload\src\google_photos_upload\google_photos_upload.py,,file,,,,"[1,31]",31,,,,,,,1,0,[],[],[],0,[],[],[],0,,,,[],[],[],,,,,,,,,,,,,,,,,,,,,,,,,,,,,,,,,,,,,,,,,,,
,omnisphero-mil,2021/5/25 14:01,TeX,,1,0,0,2,85,Python,358,created by chatgpt,,omnisphero-mil\f4d26f3cc02bb2e241b9fe11ce010a43d2adec9f\util\utils.py,,method,,0,,"[[359,389],[411,429]]",50,,,,,,,2,0,[],[],[],0,[],[],[],0,,,,[],[],[],,,,,,,,,,,,,,,,,,,,,,,,,,,,,,,,,,,,,,,,,,,
43,markpickle,2023/3/13 15:15,Python,,2,1,0,3,32,Python,80,created by chatgpt,,markpickle\f29202998c0d5ae3ebc2bd22de57bc1c2c6bacbb\markpickle\python_to_tables.py,markpickle\fbd8f3fb2bb2471a19cd3ac20db2516ecb31bcfc\markpickle\python_to_tables.py,method,,1,,"[78,123]",46,,,,,,,5,4,"[-2, -3, -4, -5]","['2d8b83cc71a206c3b80a48acef83a27f5db89ec3', 'b7572454f3763b05abb6c70bb0cd63b717408f85', 'b24c8723a005f49cf0cc9c353c06259d4a51a75e', 'fbd8f3fb2bb2471a19cd3ac20db2516ecb31bcfc']","[[{'highest_ratio': 0.5647511685455046, 'best_match_position': (73, 118)}], [{'highest_ratio': 0.5341120254844705, 'best_match_position': (80, 125)}], [{'highest_ratio': 0.5341120254844705, 'best_match_position': (83, 128)}], [{'highest_ratio': 0.5306878306878307, 'best_match_position': (83, 128)}]]",3,"[-2, -3, -5]","['2d8b83cc71a206c3b80a48acef83a27f5db89ec3', 'b7572454f3763b05abb6c70bb0cd63b717408f85', 'fbd8f3fb2bb2471a19cd3ac20db2516ecb31bcfc']","[[{'highest_ratio': 0.5647511685455046, 'best_match_position': (73, 118)}], [{'highest_ratio': 0.5341120254844705, 'best_match_position': (80, 125)}], [{'highest_ratio': 0.5306878306878307, 'best_match_position': (83, 128)}]]",0,,,,[],[],[],2584,1922,717,91,3,45,13.5,300,954,83,7,36.9,0,0,21,201,0.3,198,202,2.18,2.22,47,24,26,2,0,1,45.5,20,0,0,0,0,2,10,1.4,8,10,4,5,,,
,arcane_suite,2022/7/28 15:47,Python,,1,0,5,1,88,Python,23,created by chatgpt,,arcane_suite\19ca9d9a51fc7873ad6a599a34ab6c531f32ae36\src\arcane_pipelines\otfms\otfms_pointing_diagnostics.py,arcane_suite\f722233c54e984612b1c906a1ea0e5cac1c9c8b1\src\arcane_pipelines\otfms\otfms_pointing_diagnostics.py,method,,,,"[21,189]",169,,,,,,,9,8,"[-2, -3, -4, -5, -6, -7, -8, -9]","['4d0890f91f559686b62206a7c2f43002d8bff6c8', '9e179aee3af5cb249a2047e92136bcfb05fe0ba4', 'ebcde61e31484ccf3ea30784faf36ec11c949876', 'b4295048b7b305531c225f836bfbf40fc0768109', '1c369b051b090f1f0978cdb91c941b3b5dd254e3', 'ea1a411283dddef5376544509944873c14eb3f42', 'f722233c54e984612b1c906a1ea0e5cac1c9c8b1', 'c00895521697de288f497a1b2a8b4da772a5baf8']","[[{'highest_ratio': 0.7794736407887138, 'best_match_position': (15, 183)}], [{'highest_ratio': 0.7486868023637557, 'best_match_position': (24, 192)}], [{'highest_ratio': 0.7268593699253004, 'best_match_position': (25, 193)}], [{'highest_ratio': 0.6379939949687576, 'best_match_position': (35, 203)}], [{'highest_ratio': 0.6379939949687576, 'best_match_position': (35, 203)}], [{'highest_ratio': 0.6003892038243506, 'best_match_position': (14, 182)}], [{'highest_ratio': 0.5991725069661403, 'best_match_position': (14, 182)}], [{'highest_ratio': 0.5991725069661403, 'best_match_position': (15, 183)}]]",6,"[-2, -3, -4, -5, -7, -8]","['4d0890f91f559686b62206a7c2f43002d8bff6c8', '9e179aee3af5cb249a2047e92136bcfb05fe0ba4', 'ebcde61e31484ccf3ea30784faf36ec11c949876', 'b4295048b7b305531c225f836bfbf40fc0768109', 'ea1a411283dddef5376544509944873c14eb3f42', 'f722233c54e984612b1c906a1ea0e5cac1c9c8b1']","[[{'highest_ratio': 0.7794736407887138, 'best_match_position': (15, 183)}], [{'highest_ratio': 0.7486868023637557, 'best_match_position': (24, 192)}], [{'highest_ratio': 0.7268593699253004, 'best_match_position': (25, 193)}], [{'highest_ratio': 0.6379939949687576, 'best_match_position': (35, 203)}], [{'highest_ratio': 0.6003892038243506, 'best_match_position': (14, 182)}], [{'highest_ratio': 0.5991725069661403, 'best_match_position': (14, 182)}]]",4,,,,"[-2, -3, -5, -7]","['4d0890f91f559686b62206a7c2f43002d8bff6c8', '9e179aee3af5cb249a2047e92136bcfb05fe0ba4', 'b4295048b7b305531c225f836bfbf40fc0768109', 'ea1a411283dddef5376544509944873c14eb3f42']","[[{'highest_ratio': 0.7794736407887138, 'best_match_position': (15, 183)}], [{'highest_ratio': 0.7486868023637557, 'best_match_position': (24, 192)}], [{'highest_ratio': 0.6379939949687576, 'best_match_position': (35, 203)}], [{'highest_ratio': 0.6003892038243506, 'best_match_position': (14, 182)}]]",,,,,,,,,,,,,,,,,,,,,,,,,,,,,,,,,,,,,,,,,,,
,arcane_suite,2022/7/28 15:47,Python,,1,0,5,1,88,Python,23,created by chatgpt,,arcane_suite\9e179aee3af5cb249a2047e92136bcfb05fe0ba4\src\arcane_pipelines\otfms\otfms_merge.py,arcane_suite\b4295048b7b305531c225f836bfbf40fc0768109\src\arcane_pipelines\otfms\otfms_merge.py,method,,,,"[21,208]",188,,,,,,,2,1,[-2],['b4295048b7b305531c225f836bfbf40fc0768109'],"[[{'highest_ratio': 0.9348804167653327, 'best_match_position': (23, 210)}]]",1,[-2],['b4295048b7b305531c225f836bfbf40fc0768109'],"[[{'highest_ratio': 0.9348804167653327, 'best_match_position': (23, 210)}]]",1,,,,[-2],['b4295048b7b305531c225f836bfbf40fc0768109'],"[[{'highest_ratio': 0.9348804167653327, 'best_match_position': (23, 210)}]]",,,,,,,,,,,,,,,,,,,,,,,,,,,,,,,,,,,,,,,,,,,
,scml-agents,2020/7/23 7:06,Python,8,7,12,1,2,144,Python,370,created by chatgpt,,scml-agents\efecb6468273ae24323ad22d24819d968d092bb7\scml_agents\scml2023\oneshot\team_134\matching_agent.py,,method,,0,,"[371,392]",22,,,,,,,5,0,[],[],[],0,[],[],[],0,,,,[],[],[],,,,,,,,,,,,,,,,,,,,,,,,,,,,,,,,,,,,,,,,,,,
54,pypatchy,2023/5/25 8:24,Jupyter Notebook,3,0,0,0,2,280,Python,3,created by chatgpt,,pypatchy\f16650f0c2dfaff988d8b278fc5476db2e5a4e2d\pypatchy\configure.py,pypatchy\42a02a6b49ee51bb454f09508be91345f1e84d44\pypatchy\configure.py,file,,167,,"[1,65]",65,,,,,,,5,4,"[-2, -3, -4, -5]","['75a5ed7a5dafa9e7fa7a36dd8613a0c08d629588', '0a77eb3a91a8124783a36a13fbcc266ed745f743', '51a457088af0915d6169dda6dc5877e738ad6f58', '42a02a6b49ee51bb454f09508be91345f1e84d44']","[[{'highest_ratio': 0.9852239145260286, 'best_match_position': (1, 66)}], [{'highest_ratio': 0.9780294450736127, 'best_match_position': (1, 66)}], [{'highest_ratio': 0.9587033747779752, 'best_match_position': (1, 69)}], [{'highest_ratio': 0.9129713066160777, 'best_match_position': (1, 63)}]]",4,"[-2, -3, -4, -5]","['75a5ed7a5dafa9e7fa7a36dd8613a0c08d629588', '0a77eb3a91a8124783a36a13fbcc266ed745f743', '51a457088af0915d6169dda6dc5877e738ad6f58', '42a02a6b49ee51bb454f09508be91345f1e84d44']","[[{'highest_ratio': 0.9852239145260286, 'best_match_position': (1, 66)}], [{'highest_ratio': 0.9780294450736127, 'best_match_position': (1, 66)}], [{'highest_ratio': 0.9587033747779752, 'best_match_position': (1, 69)}], [{'highest_ratio': 0.9129713066160777, 'best_match_position': (1, 63)}]]",1,,,,[-5],['42a02a6b49ee51bb454f09508be91345f1e84d44'],"[[{'highest_ratio': 0.9129713066160777, 'best_match_position': (1, 63)}]]",4294,2965,2461,335,27,24,17,606,0,0,0,0,0,4,186,1028,1.2,790,950,2.36,2.84,65,42,32,1,0,1,14.3,7,0,0,0,0,0,0,0,5,5,5,5,,,
57,bdc_tool,2023/2/4 16:40,Python,,0,0,0,1,102,Python,87,created by chatgpt,,bdc_tool\8d44e2c5d3844c35989c28510e3d1731baec7d1f\bdc.py,bdc_tool\3ee1e5943ce8058cbf57aedeae41119cc89742f0\bdc.py,method,,13,,"[88,95]",8,,,,,,,24,23,"[-2, -3, -4, -5, -6, -7, -8, -9, -10, -11, -12, -13, -14, -15, -16, -17, -18, -19, -20, -21, -22, -23, -24]","['ee1154a5a56c270499eba25e0423cb1993f6518d', '3ee1e5943ce8058cbf57aedeae41119cc89742f0', '2eac84e9621e5af51da690186be9f745387d76f7', '8f75fa5ac33eaa34f4bd17cc3f2a2b01ba23cf84', '86c027033f720f0f7ac6712bc85c56f98383f794', '5b57de6f0d0b13fee24526df3a172eabd3832bba', 'a3e90229a044e5cb08bc382012c7a48f548b2b96', '8955a95d01b9cea4ef2d577f93ac469e2f4ef4ed', 'e12680c5eac44e9118f5e23dea5826a20d66231f', '4175e3514bf125fc41ee7e168538630d82c6520b', '8308a6d2b0bc59be40c3bfc6b5706fafe53873bc', '916fcd90900af9fdefbe53f3f3ab7cc994cc20d8', '8451a763d0f661bed28a4efcdd7eed20a7b6914f', '2f7dae6c9f61208d5b6286297212684f290a012e', 'e67d8b275ace34d55224f200fe723dfaadc013bc', '7215e5a5ae6e01fd03db815f46d81455459b8fa0', '30e39f8ad5256c8fefb69d0f610287f9300b4e08', '0dbfd34eebbeb0975fc697f0e3969de85e8ddc8a', 'bf670a2170a71df738d43f388cf531415a66ee78', 'b78d25b3a15600f51caf660c7fe9daeec0193282', '222def1c46ba1d9e59a92c9963207e813d1f52dc', '90f372ead78edbfcd19daf7db27581bd5fda22d3', 'ed295865ccc4024a821c6973830dba52f1150e87']","[[{'highest_ratio': 0.29724770642201837, 'best_match_position': (24, 31)}], [{'highest_ratio': 0.9452449567723343, 'best_match_position': (92, 99)}], [{'highest_ratio': 0.9452449567723343, 'best_match_position': (92, 99)}], [{'highest_ratio': 0.9452449567723343, 'best_match_position': (92, 99)}], [{'highest_ratio': 0.9452449567723343, 'best_match_position': (90, 97)}], [{'highest_ratio': 0.9452449567723343, 'best_match_position': (90, 97)}], [{'highest_ratio': 0.9452449567723343, 'best_match_position': (92, 99)}], [{'highest_ratio': 0.9452449567723343, 'best_match_position': (92, 99)}], [{'highest_ratio': 0.9452449567723343, 'best_match_position': (107, 114)}], [{'highest_ratio': 0.9452449567723343, 'best_match_position': (136, 143)}], [{'highest_ratio': 0.9452449567723343, 'best_match_position': (136, 143)}], [{'highest_ratio': 0.9452449567723343, 'best_match_position': (138, 145)}], [{'highest_ratio': 0.9452449567723343, 'best_match_position': (139, 146)}], [{'highest_ratio': 0.9452449567723343, 'best_match_position': (139, 146)}], [{'highest_ratio': 0.9452449567723343, 'best_match_position': (141, 148)}], [{'highest_ratio': 0.9452449567723343, 'best_match_position': (141, 148)}], [{'highest_ratio': 0.9452449567723343, 'best_match_position': (141, 148)}], [{'highest_ratio': 0.9452449567723343, 'best_match_position': (141, 148)}], [{'highest_ratio': 0.9452449567723343, 'best_match_position': (143, 150)}], [{'highest_ratio': 0.9452449567723343, 'best_match_position': (143, 150)}], [{'highest_ratio': 0.9452449567723343, 'best_match_position': (143, 150)}], [{'highest_ratio': 0.9452449567723343, 'best_match_position': (143, 150)}], [{'highest_ratio': 0.9452449567723343, 'best_match_position': (143, 150)}]]",2,"[-2, -3]","['ee1154a5a56c270499eba25e0423cb1993f6518d', '3ee1e5943ce8058cbf57aedeae41119cc89742f0']","[[{'highest_ratio': 0.29724770642201837, 'best_match_position': (24, 31)}], [{'highest_ratio': 0.9452449567723343, 'best_match_position': (92, 99)}]]",1,,,,[-2],['ee1154a5a56c270499eba25e0423cb1993f6518d'],"[[{'highest_ratio': 0.29724770642201837, 'best_match_position': (24, 31)}]]",260524,179216,94837,9991,1637,743,31.9,83867,36872,1216,67,14.2,15,29,2754,22678,0.4,28664,33696,2.87,3.37,9,8,7,1,0,1,11.1,1,0,0,0,0,0,0,0,1,0,1,0,,,
58,2800-202310-BBY01,2023/4/24 17:50,JavaScript,4,1,1,0,1,1108,Python,8,created by chatgpt,,2800-202310-BBY01\7cdbdc4756bda996b2535cca5fa55a31219cc18d\server\PnCGenerator\DietPlans.py,,file,,109,,"[1,38]",38,,,,,,,1,0,[],[],[],0,[],[],[],0,,,,[],[],[],152,116,84,0,0,4,9.4,12,0,0,0,0,0,0,0,0,0,8,8,8,8,38,29,21,0,0,1,9.4,3,0,0,0,0,0,0,0,2,2,2,2,,,
59,ot-running-calendar,2023/11/6 17:48,Python,2,0,0,0,1,104,Python,43,created by chatgpt,,ot-running-calendar\79bd166eda6266aa7e746509e58250948d1deb27\src\repositories\run_repository.py,ot-running-calendar\54d6a18841ab3c5710a513a61b7c04e584c22329\src\repositories\run_repository.py,statement,,1,,"[44,64]",21,,,,,,,4,3,"[-2, -3, -4]","['54d6a18841ab3c5710a513a61b7c04e584c22329', '5372910bd0b8135a8e98ad0606423a1c95898d7e', 'c74c58dabfc50f1a6505b3e128dfb63c0b7f04c5']","[[{'highest_ratio': 0.9195402298850575, 'best_match_position': (44, 64)}], [{'highest_ratio': 0.9195402298850575, 'best_match_position': (44, 64)}], [{'highest_ratio': 0.9195402298850575, 'best_match_position': (44, 64)}]]",1,[-2],['54d6a18841ab3c5710a513a61b7c04e584c22329'],"[[{'highest_ratio': 0.9195402298850575, 'best_match_position': (44, 64)}]]",0,,,,[],[],[],1041,716,558,75,9,18,17.6,153,0,0,0,0,0,10,12,108,0.5,130,149,1.73,1.99,22,1,1,0,0,1,0,0,0,0,0,0,0,0,0,0,0,0,0,,,
60,2800-202310-BBY01,2023/4/24 17:50,JavaScript,4,1,1,0,1,1108,Python,8,created by chatgpt,,2800-202310-BBY01\7cdbdc4756bda996b2535cca5fa55a31219cc18d\server\PnCGenerator\FoodNutrition.py,,file,,109,,"[1,39]",39,,,,,,,1,0,[],[],[],0,[],[],[],0,,,,[],[],[],152,116,84,0,0,4,9.4,12,0,0,0,0,0,0,0,0,0,8,8,8,8,39,30,22,0,0,1,9.1,3,0,0,0,0,0,0,0,2,2,2,2,,,
61,MITIM-fusion,2023/12/20 16:31,Python,,8,0,3,5,257,Python,837,created by chatgpt,,MITIM-fusion\63c4a1579c2f8ce6136232407a567cb61331abb7\src\mitim_tools\misc_tools\GRAPHICStools.py,,method,,56,,"[833,851]",19,,,,,,,8,0,[],[],[],0,[],[],[],0,,,,[],[],[],98084,74383,41277,1513,76,182,9,7362,1575,78,25,1.6,3,27,9357,36714,1.6,7694,11681,5.09,7.72,20,9,5,1,0,1,52.6,10,0,0,0,0,0,0,0,1,0,1,0,,,
63,mva2023,2023/3/27 6:10,Python,,3,0,1,1,1,Python,1,created by chatgpt,,mva2023\53a7d4e9f6e1506173802a9c0bc4856d8923dc65\tools\misc\extract_coco_large.py,,file,,0,,"[1,54]",54,,,,,,,1,0,[],[],[],0,[],[],[],0,,,,[],[],[],116128,75290,44328,2877,518,688,28.5,29947,54861,796,304,47.2,0,10,744,6842,0.3,9419,11413,3.27,3.97,54,34,32,1,0,1,22.7,10,0,0,0,0,0,0,0,9,13,9,13,,,
65,ResearchOS,2023/4/3 16:47,Python,3,0,0,7,1,172,Python,1,created by chatgpt,,ResearchOS\b61a7cc42278be99c85fc9dccbe0cb383dc6806c\src\ResearchOS\sqlite_pool.py,ResearchOS\03c5ae9ea9fcf833d22152569f948eb0bd33644d\src\ResearchOS\sqlite_pool.py,file,,17,,"[1,86]",86,,,,,,,4,3,"[-2, -3, -4]","['db36d6ff00352f176323ed659d1f813dba6a8adb', 'd89e4a75e85db3ec67e98a2fa98629d16277a3b0', '03c5ae9ea9fcf833d22152569f948eb0bd33644d']","[[{'highest_ratio': 0.9736295349208886, 'best_match_position': (1, 89)}], [{'highest_ratio': 0.9407545993140006, 'best_match_position': (1, 91)}], [{'highest_ratio': 0.7661655497192538, 'best_match_position': (1, 67)}]]",3,"[-2, -3, -4]","['db36d6ff00352f176323ed659d1f813dba6a8adb', 'd89e4a75e85db3ec67e98a2fa98629d16277a3b0', '03c5ae9ea9fcf833d22152569f948eb0bd33644d']","[[{'highest_ratio': 0.9736295349208886, 'best_match_position': (1, 89)}], [{'highest_ratio': 0.9407545993140006, 'best_match_position': (1, 91)}], [{'highest_ratio': 0.7661655497192538, 'best_match_position': (1, 67)}]]",3,,,,"[-2, -3, -4]","['db36d6ff00352f176323ed659d1f813dba6a8adb', 'd89e4a75e85db3ec67e98a2fa98629d16277a3b0', '03c5ae9ea9fcf833d22152569f948eb0bd33644d']","[[{'highest_ratio': 0.9736295349208886, 'best_match_position': (1, 89)}], [{'highest_ratio': 0.9407545993140006, 'best_match_position': (1, 91)}], [{'highest_ratio': 0.7661655497192538, 'best_match_position': (1, 67)}]]",5314,3163,3081,262,50,75,23.6,979,156,9,5,2.9,0,12,222,1228,1.3,609,494,2.32,1.89,86,45,43,5,1,1,13.5,7,0,0,0,0,1,1,0.1,11,8,2.2,1.6,,,
,pytango-moenchZmqServer,2023/1/19 21:40,Python,,0,1,8,1,161,Python,13,created by chatgpt,,pytango-moenchZmqServer\d982cb4ec31077f3904334e9ca8554150e6c5fe1\tangods_moenchzmq\util_funcs\parsers.py,,statement,,1,,"[14,14]",1,,,,,,regular expression,7,0,[],[],[],0,[],[],[],0,,,,[],[],[],,,,,,,,,,,,,,,,,,,,,,,,,,,,,,,,,,,,,,,,,,,
82,CYFTLE,2023/3/13 2:07,Java,,7,5,0,0,4,Python,39,created by chatgpt,,CYFTLE\2cfe53976418b0e080e430b76ce8851d8196f5ea\backend\app\translate\translation.py,,statement,,0,,"[40,41]",2,,,,,,,1,0,[],[],[],0,[],[],[],0,,,,[],[],[],1026,740,580,45,4,12,16.6,147,0,0,0,0,0,0,36,315,1.4,109,129,2.42,2.87,3,2,2,0,0,1,0,0,0,0,0,0,0,0,0,0,0,0,0,,,
83,2800-202310-BBY01,2023/4/24 17:50,JavaScript,4,1,1,0,1,1108,Python,8,created by chatgpt,,2800-202310-BBY01\7cdbdc4756bda996b2535cca5fa55a31219cc18d\server\PnCGenerator\FoodNutrition2.py,,file,,109,,"[1,39]",39,,,,,,,1,0,[],[],[],0,[],[],[],0,,,,[],[],[],152,116,84,0,0,4,9.4,12,0,0,0,0,0,0,0,0,0,8,8,8,8,39,30,22,0,0,1,9.1,3,0,0,0,0,0,0,0,2,2,2,2,,,
86,offensive_language_identification,2023/10/23 13:33,Python,2,0,0,0,1,45,Python,250,created by chatgpt,,offensive_language_identification\ffeb3a74f5a3b85c2e840fbc3fce1ffb31404e23\src\features.py,,method,,0,,"[243,271]",29,,,,,,,4,0,[],[],[],0,[],[],[],0,,,,[],[],[],1307,111,59,7,0,7,17.2,23,0,0,0,0,0,0,1,5,0.2,11,4,1.57,0.57,30,21,3,1,0,1,25,7,0,0,0,0,0,0,0,1,0,1,0,,,
87,ScrabbleAI,2023/10/21 1:01,Python,,0,0,0,2,214,Python,2,created by chatgpt,,ScrabbleAI\22680d83ea3b00d7afcfa932ce13e9d0d77c27c4\settings.py,,file,,14,,"[1,39]",39,,,,,,,1,0,[],[],[],0,[],[],[],0,,,,[],[],[],4260,2694,2195,203,32,27,12.8,395,0,0,0,0,0,1,424,1472,1.8,624,755,3.07,3.72,39,20,20,0,0,1,39.4,13,0,0,0,0,0,0,0,0,0,0,0,,,
,demos-python,2013/10/1 11:23,Python,2,5,2,0,4,1489,Python,5,created by chatgpt,,demos-python\b0d26746c4a64930c79a12b3d78f5a4bf2ee6731\src\examples\short\apps\make_video_snippet\create_with_iobase.py,,file,,,,"[1,91]",91,,,,,,,1,0,[],[],[],0,[],[],[],0,,,,[],[],[],,,,,,,,,,,,,,,,,,,,,,,,,,,,,,,,,,,,,,,,,,,
,saitamatechnocloud,2023/1/24 8:39,Python,,1,0,0,1,43,Python,1,created by chatgpt,,saitamatechnocloud\d8d35536dc907445359309d57f11e546e220aead\chatGPT\flask1_original.py,,file,,,,"[1,62]",62,,,,,,,1,0,[],[],[],0,[],[],[],0,,,,[],[],[],,,,,,,,,,,,,,,,,,,,,,,,,,,,,,,,,,,,,,,,,,,
94,open-ai-test,2023/10/5 5:17,Python,,0,0,0,1,21,Python,35,created by chatgpt,,open-ai-test\b87202b2afdfe65bedde85176c8749ad61ea9c88\online_shop_test.py,open-ai-test\c40bd89651c2737167bb38f3fd778386af51a245\online_shop_test.py,method,,1,,"[36,158]",123,,,,,,,4,1,[-4],['c40bd89651c2737167bb38f3fd778386af51a245'],"[[{'highest_ratio': 0.9877603607472621, 'best_match_position': (36, 158)}]]",1,[-4],['c40bd89651c2737167bb38f3fd778386af51a245'],"[[{'highest_ratio': 0.9877603607472621, 'best_match_position': (36, 158)}]]",0,,,,[],[],[],820,505,415,48,8,10,20.6,131,0,0,0,0,0,0,8,91,0.6,90,57,1.88,1.19,124,83,83,1,0,1,14.4,14,0,0,0,0,0,0,0,11,14,11,14,,,
,EAB_tools,2022/3/27 21:41,Python,2,0,0,8,1,280,Python,2,created by chatgpt,,EAB_tools\3996dfe9abe3b9202bc51ed5a46b6f366edcef71\EAB_tools\_testing\test_scripts\generate_fake_enrollments.py,,file,,,,"[1,836]",836,,,,,,,1,0,[],[],[],0,[],[],[],0,,,,[],[],[],,,,,,,,,,,,,,,,,,,,,,,,,,,,,,,,,,,,,,,,,,,
97,website-2024,2023/11/17 16:06,CSS,2,0,0,0,2,27,Python,1,created by chatgpt,,website-2024\252065dd22d32491fb30866fac26c7125f433d3c\static\python-scripts\poster_filter.py,,file,,2,,"[1,40]",40,,,,,,,1,0,[],[],[],0,[],[],[],0,,,,[],[],[],133,86,75,3,0,3,20.4,22,0,0,0,0,0,0,0,0,0,21,38,7,12.67,40,21,17,1,0,1,41.7,15,0,0,0,0,0,0,0,4,5,4,5,,,
,app,2023/1/26 13:10,Dart,2,5,1,1,0,424,Python,2,created by gpt4,,app\dcbe8b438921b944dafb490d16b89e3f5ddc199b\openapi-to-dart.py,app\a29f9b4a77faee0fafec05b5586f29e2c513be5d\openapi-to-dart.py,file,,,,"[1,164]",164,,,,,,,14,13,"[-2, -3, -4, -5, -6, -7, -8, -9, -10, -11, -12, -13, -14]","['5b69a029f8c48fe47c74b675cabdef44888aac1a', 'b5d222c2391a5e03ac7dc277fc1da0f24f40f690', '0a98383e3fc133785c430fb6d2daf36bb78ffdf7', 'f89eab63b440617f18a819c1a79c56a167de4a6a', 'b12c8652048694841cec9d1119410d311cf092b7', 'e6b453af0a97df12b4308b49de5871d2757b8522', 'd156f8b489ee2829aaef09c484b9aabf50c5a592', 'c194eb26b585fc88a319f96ae563f97d9bb98723', 'f60a65aa7f3c5fa5ab8a2a3a8171ac91f545a4a8', '013d25f1a6ad70e7cf128db6882a0d5b82d14508', 'ba43068d057ec780194dc0ff9d4410fd370a16df', '12f94d83f6507684f416525d1106c036955c0e8c', 'a29f9b4a77faee0fafec05b5586f29e2c513be5d']","[[{'highest_ratio': 0.9998134676366349, 'best_match_position': (1, 164)}], [{'highest_ratio': 0.7376958525345622, 'best_match_position': (1, 166)}], [{'highest_ratio': 0.7372202265819288, 'best_match_position': (1, 166)}], [{'highest_ratio': 0.4826357969723954, 'best_match_position': (1, 279)}], [{'highest_ratio': 0.47598459771667906, 'best_match_position': (1, 285)}], [{'highest_ratio': 0.39835439318248606, 'best_match_position': (1, 349)}], [{'highest_ratio': 0.38563391487185317, 'best_match_position': (1, 363)}], [{'highest_ratio': 0.38548057259713703, 'best_match_position': (1, 363)}], [{'highest_ratio': 0.38493771234428087, 'best_match_position': (1, 365)}], [{'highest_ratio': 0.3779098838824379, 'best_match_position': (1, 375)}], [{'highest_ratio': 0.37413650179607627, 'best_match_position': (1, 377)}], [{'highest_ratio': 0.3421212623666611, 'best_match_position': (1, 375)}], [{'highest_ratio': 0.3423572136018488, 'best_match_position': (1, 378)}]]",13,"[-2, -3, -4, -5, -6, -7, -8, -9, -10, -11, -12, -13, -14]","['5b69a029f8c48fe47c74b675cabdef44888aac1a', 'b5d222c2391a5e03ac7dc277fc1da0f24f40f690', '0a98383e3fc133785c430fb6d2daf36bb78ffdf7', 'f89eab63b440617f18a819c1a79c56a167de4a6a', 'b12c8652048694841cec9d1119410d311cf092b7', 'e6b453af0a97df12b4308b49de5871d2757b8522', 'd156f8b489ee2829aaef09c484b9aabf50c5a592', 'c194eb26b585fc88a319f96ae563f97d9bb98723', 'f60a65aa7f3c5fa5ab8a2a3a8171ac91f545a4a8', '013d25f1a6ad70e7cf128db6882a0d5b82d14508', 'ba43068d057ec780194dc0ff9d4410fd370a16df', '12f94d83f6507684f416525d1106c036955c0e8c', 'a29f9b4a77faee0fafec05b5586f29e2c513be5d']","[[{'highest_ratio': 0.9998134676366349, 'best_match_position': (1, 164)}], [{'highest_ratio': 0.7376958525345622, 'best_match_position': (1, 166)}], [{'highest_ratio': 0.7372202265819288, 'best_match_position': (1, 166)}], [{'highest_ratio': 0.4826357969723954, 'best_match_position': (1, 279)}], [{'highest_ratio': 0.47598459771667906, 'best_match_position': (1, 285)}], [{'highest_ratio': 0.39835439318248606, 'best_match_position': (1, 349)}], [{'highest_ratio': 0.38563391487185317, 'best_match_position': (1, 363)}], [{'highest_ratio': 0.38548057259713703, 'best_match_position': (1, 363)}], [{'highest_ratio': 0.38493771234428087, 'best_match_position': (1, 365)}], [{'highest_ratio': 0.3779098838824379, 'best_match_position': (1, 375)}], [{'highest_ratio': 0.37413650179607627, 'best_match_position': (1, 377)}], [{'highest_ratio': 0.3421212623666611, 'best_match_position': (1, 375)}], [{'highest_ratio': 0.3423572136018488, 'best_match_position': (1, 378)}]]",7,,,,"[-2, -6, -8, -10, -11, -12, -13]","['5b69a029f8c48fe47c74b675cabdef44888aac1a', 'b12c8652048694841cec9d1119410d311cf092b7', 'd156f8b489ee2829aaef09c484b9aabf50c5a592', 'f60a65aa7f3c5fa5ab8a2a3a8171ac91f545a4a8', '013d25f1a6ad70e7cf128db6882a0d5b82d14508', 'ba43068d057ec780194dc0ff9d4410fd370a16df', '12f94d83f6507684f416525d1106c036955c0e8c']","[[{'highest_ratio': 0.9998134676366349, 'best_match_position': (1, 164)}], [{'highest_ratio': 0.47598459771667906, 'best_match_position': (1, 285)}], [{'highest_ratio': 0.38563391487185317, 'best_match_position': (1, 363)}], [{'highest_ratio': 0.38493771234428087, 'best_match_position': (1, 365)}], [{'highest_ratio': 0.3779098838824379, 'best_match_position': (1, 375)}], [{'highest_ratio': 0.37413650179607627, 'best_match_position': (1, 377)}], [{'highest_ratio': 0.3421212623666611, 'best_match_position': (1, 375)}]]",,,,,,,,,,,,,,,,,,,,,,,,,,,,,,,,,,,,,,,,,,,
