index,project_name,create_time,project_language,contributor,star,fork,issues,watch,project_commits,code_language,keyword_index,matched_keyword,path_of_first_file_commit,final_change_commit_path,code_granularity_data,code_func_type,number_of_bug_or_vulnerability_all_commit,comments,start_end_line_data,first_loc,final_start_end_line_data,final_loc_add,final_loc_minus,final_change_type,test_code_data,regular_expression_data,number_of_commits,number_of_change_commit_to_first,change_commit_to_first_index,change_commit_to_first_hash,change_commit_to_first_blocks,number_of_all_change_commit,all_change_commit_index,all_change_commit_hash,all_change_commit_blocks,number_of_all_change_fix_commit,real_fixed_commit_number,real_fixed_commit_hash,real_fixed_commit_reason,all_change_fix_commit_index,all_change_fix_commit_hash,all_change_fix_commit_blocks,project_lines,project_locs,project_statements,project_functions,project_classes,project_files,project_density_comments,project_comments,project_duplicated_lines,project_duplicated_blocks,project_duplicated_files,project_duplicated_lines_density,project_vulnerability,project_bugs,project_code_smells,project_sqale_index,project_sqale_debt_ratio,project_complexity_all,project_cognitive_complexity_all,project_complexity_mean_method,project_cognitive_complexity_mean_method,code_lines,code_locs,code_statements,code_functions,code_classes,code_files,code_density_comments,code_comments,code_duplicated_lines,code_duplicated_blocks,code_duplicated_files,code_duplicated_lines_density,code_code_smells,code_sqale_index,code_sqale_debt_ratio,code_complexity_all,code_cognitive_complexity_all,code_complexity_mean_method,code_cognitive_complexity_mean_method,manual_vs_gpt_loc_ratio,manual_vs_gpt_change_commit_ratio,manual_vs_gpt_change_fix_commit_ratio
2,Figura,2023-07-15 21:32:27,Java,47,146,38,39,4,1567,Java,176,generated by chatgpt,Figura\46108431382ac91ed18971693adcfaff18c388bd\common\src\main\java\org\figuramc\figura\utils\MathUtils.java,Figura\40478c26b1849b86717e03d9e62819365314cc6d\common\src\main\java\org\figuramc\figura\utils\MathUtils.java,method,,467,,"[177,200]",24,,,,,,,3,2,"[-2, -3]","['40478c26b1849b86717e03d9e62819365314cc6d', '21abcfedc0135f7a0e6d50085e2b55f152aa28d8']","[[{'highest_ratio': 0.9994334277620397, 'best_match_position': (177, 200)}], [{'highest_ratio': 0.9994334277620397, 'best_match_position': (177, 200)}]]",1,[-2],['40478c26b1849b86717e03d9e62819365314cc6d'],"[[{'highest_ratio': 0.9994334277620397, 'best_match_position': (177, 200)}]]",0,,,,[],[],[],51032.0,40562.0,16914.0,3542.0,433.0,332.0,4.8,2035.0,882.0,50.0,22.0,1.7,0.0,133.0,1536.0,12074.0,1.0,8180.0,5460.0,2.31,1.54,25.0,20.0,15.0,2.0,1.0,1.0,4.3,1.0,0.0,0.0,0.0,0.0,3.0,20.0,3.0,4.0,3.0,2.0,1.5,,,
3,ICS4U-Unit1-02,2024-02-20 14:55:10,Java,,0,0,0,1,6,Java,35,generated by chatgpt,ICS4U-Unit1-02\e453180f135ad6edb15b91ae35fa543904a7deed\index.java,,method,,1,,"[34,70]",37,,,,,,,1,0,[],[],[],0,[],[],[],0,,,,[],[],[],72.0,33.0,20.0,2.0,1.0,1.0,25.0,11.0,0.0,0.0,0.0,0.0,0.0,0.0,8.0,80.0,8.1,4.0,4.0,2.0,2.0,38.0,27.0,19.0,1.0,1.0,1.0,12.1,4.0,0.0,0.0,0.0,0.0,9.0,85.0,9.8,3.0,4.0,3.0,4.0,,,
4,ICS4U-Unit-1-01-Java,2024-02-20 02:02:07,Java,,0,0,0,1,11,Java,33,generated by chatgpt,ICS4U-Unit-1-01-Java\a0881c161389099eb0a79d1bc1bd46efef5273d4\LogTruck.java,ICS4U-Unit-1-01-Java\ff9925629444d75fb516d6c29fdcc3f3d4a85175\LogTruck.java,method,,1,,"[31,49]",19,,,,,,,5,4,"[-2, -3, -4, -5]","['2295ca4dbce0ee2ac618fcff802143a6c1f065b0', 'ced9e0432fdd6b30e843633ebab602c5434db8f3', 'ff9925629444d75fb516d6c29fdcc3f3d4a85175', '222ad1950a8ebeee56d99cfe897b69ae7bdeeec2']","[[{'highest_ratio': 0.7915492957746478, 'best_match_position': (31, 49)}], [{'highest_ratio': 0.7200577200577201, 'best_match_position': (31, 49)}], [{'highest_ratio': 0.7749287749287749, 'best_match_position': (34, 52)}], [{'highest_ratio': 0.7749287749287749, 'best_match_position': (34, 52)}]]",3,"[-2, -3, -4]","['2295ca4dbce0ee2ac618fcff802143a6c1f065b0', 'ced9e0432fdd6b30e843633ebab602c5434db8f3', 'ff9925629444d75fb516d6c29fdcc3f3d4a85175']","[[{'highest_ratio': 0.7915492957746478, 'best_match_position': (31, 49)}], [{'highest_ratio': 0.7200577200577201, 'best_match_position': (31, 49)}], [{'highest_ratio': 0.7749287749287749, 'best_match_position': (34, 52)}]]",0,,,,[],[],[],60.0,16.0,8.0,2.0,1.0,2.0,33.3,8.0,0.0,0.0,0.0,0.0,0.0,0.0,5.0,45.0,9.4,2.0,0.0,1.0,0.0,20.0,9.0,7.0,1.0,1.0,1.0,15.4,2.0,0.0,0.0,0.0,0.0,5.0,45.0,13.6,1.0,0.0,1.0,0.0,,,
5,Legend-Of-Zelda,2023-09-11 11:08:40,Java,5,5,0,0,1,684,Java,12,generated by chatgpt,Legend-Of-Zelda\a751474bc7219de9ebf35de611519895462cf89f\Gameplay\AnimatedObject\DeadAnimation.java,,file,,34,,"[1,54]",54,,,,,,,1,0,[],[],[],0,[],[],[],0,,,,[],[],[],9514.0,6004.0,2839.0,655.0,98.0,97.0,23.3,1821.0,198.0,13.0,9.0,2.1,3.0,18.0,894.0,5891.0,3.3,1247.0,927.0,1.9,1.42,54.0,39.0,16.0,3.0,1.0,1.0,9.3,4.0,0.0,0.0,0.0,0.0,2.0,15.0,1.3,4.0,0.0,1.33,0.0,,,
6,netbeansPython,2023-04-03 19:25:12,Java,3,36,3,23,3,212,Java,49,generated by chatgpt,netbeansPython\21fefd66851624a3dd19abdb69f575526ab5c7e3\src\main\java\org\netbeans\modules\python\actions\PythonFixIndentAction.java,,method,,56,,"[50,78]",29,,,,,,,1,0,[],[],[],0,[],[],[],0,,,,[],[],[],14657.0,11649.0,4161.0,774.0,154.0,123.0,6.3,786.0,1667.0,63.0,29.0,11.4,0.0,25.0,535.0,4735.0,1.4,1668.0,1161.0,2.16,1.5,30.0,23.0,17.0,1.0,1.0,1.0,19.4,6.0,0.0,0.0,0.0,0.0,4.0,25.0,3.3,7.0,11.0,7.0,11.0,,,
7,IST311ReviewQuiz,2023-09-06 15:13:42,Java,,0,0,0,1,2,Java,2,generated by chatgpt,IST311ReviewQuiz\7a10e49d3b74c7c768e4b90f1f68402b25fe0066\src\main\java\Book.java,IST311ReviewQuiz\218bc45da30332d0824e7b4c265d2a36c55f8a14\src\main\java\Book.java,file,,0,,"[1,37]",37,,,,,,,2,1,[-2],['218bc45da30332d0824e7b4c265d2a36c55f8a14'],"[[{'highest_ratio': 0.997737556561086, 'best_match_position': (1, 37)}]]",1,[-2],['218bc45da30332d0824e7b4c265d2a36c55f8a14'],"[[{'highest_ratio': 0.997737556561086, 'best_match_position': (1, 37)}]]",0,,,,[],[],[],83.0,59.0,27.0,7.0,3.0,3.0,0.0,0.0,0.0,0.0,0.0,0.0,0.0,0.0,16.0,150.0,8.5,7.0,2.0,1.0,0.29,37.0,27.0,12.0,3.0,1.0,1.0,0.0,0.0,0.0,0.0,0.0,0.0,3.0,30.0,3.7,5.0,2.0,1.67,0.67,,,
8,home-work,2023-10-23 22:28:05,Java,,0,0,0,1,3,Java,11,generated by chatgpt,home-work\a8e0d049688c59fe67ae27dcd9d4f3f656888c91\src\KNearestNeighbors.java,,file,,0,,"[1,89]",89,,,,,,,1,0,[],[],[],0,[],[],[],0,,,,[],[],[],473.0,319.0,179.0,38.0,8.0,7.0,14.9,56.0,0.0,0.0,0.0,0.0,0.0,1.0,26.0,260.0,2.7,69.0,45.0,1.82,1.18,89.0,54.0,33.0,5.0,2.0,1.0,25.0,18.0,0.0,0.0,0.0,0.0,3.0,30.0,1.9,12.0,7.0,2.4,1.4,,,
9,java_dao,2023-07-31 16:13:30,Java,,0,0,0,1,2,Java,9,generated by chatgpt,java_dao\d65ebcae12fa840b98fc23bf706fa96dcae9f8ce\src\main\java\de\htwberlin\dao\FahrzeugDao.java,,file,,0,,"[1,55]",55,,,,,,,1,0,[],[],[],0,[],[],[],0,,,,[],[],[],2596.0,1444.0,607.0,214.0,33.0,31.0,22.6,422.0,36.0,2.0,1.0,1.4,0.0,6.0,81.0,784.0,1.8,221.0,62.0,1.03,0.29,55.0,11.0,0.0,5.0,1.0,1.0,62.1,18.0,0.0,0.0,0.0,0.0,0.0,0.0,0.0,0.0,0.0,0.0,0.0,,,
12,cars,2023-08-20 12:36:58,Java,,0,0,0,1,46,Java,8,generated by chatgpt,cars\3919717e51fc8d05d63c304dfd2d46a12ad0a2fa\src\main\java\dat3\car\config\CarTestDataFactory.java,cars\b49d161ca6efa47b21e3ad0375aa7991baad5737\src\main\java\dat3\car\config\CarTestDataFactory.java,file,,1,,"[1,49]",49,,,,,,,5,4,"[-2, -3, -4, -5]","['aca4b32e1c8cc95723345e3cbd03aaab440c5bd7', '2e555f12daf4828fc8f6d138d4430ef827315b36', '400e2eda37cb05b29059126567b0c4990ca706f9', 'b49d161ca6efa47b21e3ad0375aa7991baad5737']","[[{'highest_ratio': 0.9949367088607595, 'best_match_position': (1, 50)}], [{'highest_ratio': 0.9997456118036123, 'best_match_position': (1, 50)}], [{'highest_ratio': 0.9954407294832827, 'best_match_position': (1, 51)}], [{'highest_ratio': 0.9964503042596349, 'best_match_position': (1, 51)}]]",4,"[-2, -3, -4, -5]","['aca4b32e1c8cc95723345e3cbd03aaab440c5bd7', '2e555f12daf4828fc8f6d138d4430ef827315b36', '400e2eda37cb05b29059126567b0c4990ca706f9', 'b49d161ca6efa47b21e3ad0375aa7991baad5737']","[[{'highest_ratio': 0.9949367088607595, 'best_match_position': (1, 50)}], [{'highest_ratio': 0.9997456118036123, 'best_match_position': (1, 50)}], [{'highest_ratio': 0.9954407294832827, 'best_match_position': (1, 51)}], [{'highest_ratio': 0.9964503042596349, 'best_match_position': (1, 51)}]]",0,,,,[],[],[],1004.0,714.0,210.0,58.0,20.0,20.0,15.4,130.0,0.0,0.0,0.0,0.0,0.0,2.0,58.0,422.0,2.0,77.0,9.0,1.33,0.16,49.0,34.0,10.0,1.0,1.0,1.0,17.1,7.0,0.0,0.0,0.0,0.0,3.0,20.0,2.0,2.0,1.0,2.0,1.0,,,
13,HBV501G,2023-09-01 16:32:00,Java,4,0,1,0,1,212,Java,3,generated by chatgpt,HBV501G\821afc5fc1b0082388f558deb2cbfcaf4af6a000\Backend\src\main\java\hbv501g\Utils\PasswordUtils.java,,file,,18,,"[1,33]",33,,,,,,,1,0,[],[],[],0,[],[],[],0,,,,[],[],[],1212.0,771.0,249.0,121.0,24.0,26.0,9.9,85.0,0.0,0.0,0.0,0.0,0.0,2.0,75.0,427.0,1.8,141.0,30.0,1.17,0.25,33.0,24.0,11.0,2.0,1.0,1.0,14.3,4.0,0.0,0.0,0.0,0.0,2.0,15.0,2.1,2.0,1.0,1.0,0.5,,,
14,cars,2023-08-27 09:20:40,Java,,0,0,0,1,5,Java,9,generated by chatgpt,cars\ff76c49b86110b933e8cfa9d9677c1f76a5b53e5\src\main\java\dat3\car\config\MemberTestDataFactory.java,,file,,1,,"[1,45]",45,,,,,,,1,0,[],[],[],0,[],[],[],0,,,,[],[],[],1900.0,1416.0,403.0,114.0,43.0,42.0,7.1,108.0,0.0,0.0,0.0,0.0,0.0,2.0,106.0,861.0,2.0,164.0,33.0,1.44,0.29,45.0,27.0,18.0,1.0,1.0,1.0,25.0,9.0,0.0,0.0,0.0,0.0,3.0,20.0,2.5,2.0,1.0,2.0,1.0,,,
17,SyntaxSorcerers,2023-10-04 20:06:09,JavaScript,4,0,2,25,3,172,Java,18,generated with chatgpt,SyntaxSorcerers\52a56c504d759424e78fbf465dd530f10b5badc1\frontend\app\src\main\java\com\example\frontend\apiwrappers\UBCGradesRequest.java,SyntaxSorcerers\f594cef2246ad9899dfc5b9227b51df9ee8162d3\frontend\app\src\main\java\com\example\frontend\apiwrappers\UBCGradesRequest.java,file,,38,,"[1,107]",107,,,,,,,2,1,[-2],['f594cef2246ad9899dfc5b9227b51df9ee8162d3'],"[[{'highest_ratio': 0.3187077057411046, 'best_match_position': (1, 33)}]]",1,[-2],['f594cef2246ad9899dfc5b9227b51df9ee8162d3'],"[[{'highest_ratio': 0.3187077057411046, 'best_match_position': (1, 33)}]]",0,,,,[],[],[],2945.0,2291.0,1124.0,108.0,25.0,20.0,5.3,129.0,124.0,8.0,4.0,4.2,0.0,0.0,89.0,645.0,0.9,287.0,193.0,2.66,1.79,107.0,77.0,20.0,7.0,4.0,1.0,7.2,6.0,0.0,0.0,0.0,0.0,1.0,2.0,0.1,9.0,6.0,1.29,0.86,,,
19,EventSnapQR,2024-02-04 17:59:56,Java,6,0,1,0,0,957,Java,21,generated by chatgpt,EventSnapQR\2d7d763f8b9a1326c5a2f787bb5e36b55fd78d22\app\src\main\java\com\example\eventsnapqr\ReverseGeocodingTask.java,,file,,200,,"[1,74]",74,,,,,,,1,0,[],[],[],0,[],[],[],0,,,,[],[],[],10215.0,7729.0,3689.0,340.0,73.0,48.0,10.6,916.0,498.0,30.0,12.0,4.9,0.0,112.0,422.0,3378.0,1.5,1080.0,1276.0,3.18,3.75,74.0,46.0,20.0,3.0,1.0,1.0,13.2,7.0,0.0,0.0,0.0,0.0,0.0,0.0,0.0,4.0,2.0,1.33,0.67,,,
20,GPD_Projekt,2023-05-26 08:34:54,Java,,0,0,0,1,34,Java,25,generated by chatgpt,GPD_Projekt\336098348e294c49f6d293064eb468208cb7e99f\src\main\java\de\thi\services\ReadMember.java,GPD_Projekt\3d9c4928de81a0f4990bee27ab6446ee745cb87d\src\main\java\de\thi\services\ReadMember.java,statement,,6,,"[26,35]",10,,,,,,,9,8,"[-2, -3, -4, -5, -6, -7, -8, -9]","['6e717ac7b1813e3ecfe9e6635dc51b7b6665afa8', '77484821447f40e3ca16be2c01af81c379358ce7', '703df19db6fa50af59690a6fce0c122372c185d9', 'c5ba194abb1637d84a803201401fca26b24801dd', '36bc90a234bd2ffd2344bc234a2ec6e6b4bab030', 'e2ac90304d17a5db916fd5106276487c47d1b693', '3d9c4928de81a0f4990bee27ab6446ee745cb87d', 'd0b86a22d01c9767ce72c9870cb330e57d6524a4']","[[{'highest_ratio': 0.12558869701726844, 'best_match_position': (72, 81)}], [{'highest_ratio': 0.1468189233278956, 'best_match_position': (8, 17)}], [{'highest_ratio': 0.15620641562064155, 'best_match_position': (77, 86)}], [{'highest_ratio': 0.15620641562064155, 'best_match_position': (77, 86)}], [{'highest_ratio': 0.19536423841059603, 'best_match_position': (10, 19)}], [{'highest_ratio': 0.1275, 'best_match_position': (77, 86)}], [{'highest_ratio': 0.24469820554649266, 'best_match_position': (12, 21)}], [{'highest_ratio': 0.24469820554649266, 'best_match_position': (12, 21)}]]",6,"[-2, -3, -4, -6, -7, -8]","['6e717ac7b1813e3ecfe9e6635dc51b7b6665afa8', '77484821447f40e3ca16be2c01af81c379358ce7', '703df19db6fa50af59690a6fce0c122372c185d9', '36bc90a234bd2ffd2344bc234a2ec6e6b4bab030', 'e2ac90304d17a5db916fd5106276487c47d1b693', '3d9c4928de81a0f4990bee27ab6446ee745cb87d']","[[{'highest_ratio': 0.12558869701726844, 'best_match_position': (72, 81)}], [{'highest_ratio': 0.1468189233278956, 'best_match_position': (8, 17)}], [{'highest_ratio': 0.15620641562064155, 'best_match_position': (77, 86)}], [{'highest_ratio': 0.19536423841059603, 'best_match_position': (10, 19)}], [{'highest_ratio': 0.1275, 'best_match_position': (77, 86)}], [{'highest_ratio': 0.24469820554649266, 'best_match_position': (12, 21)}]]",1,,,,[-7],['e2ac90304d17a5db916fd5106276487c47d1b693'],"[[{'highest_ratio': 0.1275, 'best_match_position': (77, 86)}]]",224.0,145.0,32.0,19.0,6.0,6.0,9.9,16.0,0.0,0.0,0.0,0.0,0.0,0.0,5.0,34.0,0.8,19.0,1.0,1.0,0.05,13.0,3.0,3.0,0.0,0.0,1.0,30.0,3.0,0.0,0.0,0.0,0.0,3.0,30.0,14.3,0.0,0.0,0.0,0.0,,,
21,Java-Goal-Tracker-assignment,2024-04-30 09:41:11,Java,,0,0,0,1,4,Java,4,generated by chatgpt,Java-Goal-Tracker-assignment\68970bef587313a4eabb482600be15a638bdc2b7\App.java\src\RandomQuoteGenerator.java,,statement,,0,,"[5,54]",50,,,,,,input,1,0,[],[],[],0,[],[],[],0,,,,[],[],[],1876.0,1315.0,755.0,93.0,17.0,16.0,16.4,258.0,34.0,2.0,2.0,1.8,0.0,2.0,123.0,932.0,2.4,174.0,96.0,1.87,1.03,53.0,50.0,1.0,0.0,0.0,1.0,0.0,0.0,0.0,0.0,0.0,0.0,3.0,30.0,1.9,0.0,0.0,0.0,0.0,,,
22,sp24-project1,2024-02-16 05:03:01,Java,,0,0,0,0,3,Java,18,generated by chatgpt,sp24-project1\fc5bc581cdddb20c11512faf65836604c3110123\src\main\java\student\Utilities.java,,method,,0,,"[20,58]",39,,,,,,,1,0,[],[],[],0,[],[],[],0,,,,[],[],[],438.0,275.0,123.0,29.0,8.0,8.0,20.3,70.0,0.0,0.0,0.0,0.0,0.0,2.0,25.0,108.0,1.3,38.0,14.0,1.31,0.48,40.0,26.0,24.0,1.0,1.0,1.0,31.7,13.0,0.0,0.0,0.0,0.0,3.0,20.0,2.4,1.0,0.0,1.0,0.0,,,
24,chess,2024-01-11 02:35:18,Java,,0,0,0,1,144,Java,104,generated by chatgpt,chess\90fe3d7ce8a58aa2d33d7b6deb14e09498cf55af\shared\src\main\java\chess\ChessBoard.java,,method,,13,,"[108,125]",18,,,,,,,12,0,[],[],[],0,[],[],[],0,,,,[],[],[],3900.0,1895.0,768.0,166.0,33.0,24.0,23.4,578.0,314.0,8.0,3.0,8.1,0.0,0.0,78.0,761.0,1.3,275.0,116.0,1.66,0.7,19.0,15.0,12.0,1.0,1.0,1.0,0.0,0.0,0.0,0.0,0.0,0.0,2.0,15.0,2.9,5.0,7.0,5.0,7.0,,,
25,MatchScope,2024-01-10 06:10:35,Java,,1,0,0,1,2,Java,41,generated by chatgpt,MatchScope\b5dcea6053f21d5ece686f03f5006e224e6aa1d1\src\main\java\com\matchscope\Utils.java,,method,,0,,"[42,73]",32,,,,,,,1,0,[],[],[],0,[],[],[],0,,,,[],[],[],3369.0,2646.0,1505.0,276.0,29.0,25.0,4.0,111.0,36.0,2.0,2.0,1.1,0.0,1.0,130.0,1033.0,1.3,613.0,580.0,2.22,2.1,33.0,28.0,19.0,1.0,1.0,1.0,6.3,2.0,0.0,0.0,0.0,0.0,3.0,20.0,2.2,9.0,13.0,9.0,13.0,,,
26,frequencyGameTheory,2023-04-10 23:48:03,Java,3,0,1,0,1,36,Java,7,generated by chatgpt,frequencyGameTheory\5a16c04bb972e83b676afb49f2d66e9f0e7b68da\frequencyGameTheory\src\Musician.java,,file,,7,,"[1,73]",73,,,,,,,1,0,[],[],[],0,[],[],[],0,,,,[],[],[],1015.0,817.0,548.0,44.0,13.0,13.0,14.8,142.0,183.0,9.0,4.0,18.0,0.0,4.0,133.0,660.0,2.7,180.0,193.0,4.09,4.39,73.0,52.0,35.0,4.0,1.0,1.0,13.3,8.0,0.0,0.0,0.0,0.0,5.0,45.0,2.9,5.0,2.0,1.25,0.5,,,
27,mu_repository,2023-06-21 13:56:53,Java,2,0,4,0,1,19,Java,12,generated by chatgpt,mu_repository\e1339a67b44f710eb10b46975790df205373a494\app\src\main\java\de\ekert\mavendemo\ki\CountdownTimer.java,,file,,2,,"[1,58]",58,,,,,,,1,0,[],[],[],0,[],[],[],0,,,,[],[],[],529.0,377.0,152.0,32.0,10.0,9.0,10.5,44.0,34.0,2.0,2.0,6.4,0.0,1.0,19.0,160.0,1.4,44.0,17.0,1.38,0.53,58.0,46.0,18.0,3.0,1.0,1.0,8.0,4.0,0.0,0.0,0.0,0.0,2.0,10.0,0.7,6.0,3.0,2.0,1.0,,,
28,Cars,2023-08-23 16:31:37,Java,,0,0,0,1,42,Java,28,generated by chatgpt,Cars\4c0b7bf8b36d22fa350e6226a8f36079b73a6d4f\src\main\java\dat3\car\config\DeveloperData.java,,statement,,5,,"[29,48]",20,,,,,,,5,0,[],[],[],0,[],[],[],0,,,,[],[],[],929.0,672.0,189.0,66.0,19.0,19.0,9.8,73.0,0.0,0.0,0.0,0.0,0.0,0.0,66.0,423.0,2.1,78.0,6.0,1.18,0.09,23.0,20.0,20.0,0.0,0.0,1.0,0.0,0.0,0.0,0.0,0.0,0.0,1.0,10.0,1.4,0.0,0.0,0.0,0.0,,,
29,Project,2024-01-26 19:36:01,Java,5,0,0,0,0,414,Java,11,generated by chatgpt,Project\358092c3879dc8598b958ef29dbd36e460e505e2\client\app\src\main\java\org\example\Pages\Login.java,Project\025350e168e489e90830621406cc553304740d12\client\app\src\main\java\org\example\Pages\Login.java,file,,9,,"[1,77]",77,,,,,,,2,1,[-2],['025350e168e489e90830621406cc553304740d12'],"[[{'highest_ratio': 0.9801268498942918, 'best_match_position': (1, 79)}]]",1,[-2],['025350e168e489e90830621406cc553304740d12'],"[[{'highest_ratio': 0.9801268498942918, 'best_match_position': (1, 79)}]]",0,,,,[],[],[],3542.0,2584.0,1138.0,243.0,98.0,54.0,6.7,187.0,162.0,2.0,2.0,4.6,0.0,6.0,105.0,673.0,0.9,270.0,67.0,1.11,0.28,77.0,57.0,35.0,2.0,2.0,1.0,10.9,7.0,0.0,0.0,0.0,0.0,2.0,15.0,0.9,3.0,3.0,1.5,1.5,,,
30,CSC-155--Lab3--Lighting,2023-04-10 06:31:56,Java,,1,0,0,1,61,Java,181,generated by chatgpt,CSC-155--Lab3--Lighting\7f069bd36fc173820ad0284b8dce1c5211ca7062\A4\a4\Code.java,,statement,,8,,"[185,193]",9,,,,,,,1,0,[],[],[],0,[],[],[],0,,,,[],[],[],15384.0,12139.0,8366.0,975.0,72.0,64.0,7.2,936.0,11442.0,270.0,53.0,74.4,0.0,69.0,1527.0,12632.0,3.5,1583.0,930.0,1.62,0.95,12.0,7.0,2.0,0.0,0.0,1.0,8.3,1.0,0.0,0.0,0.0,0.0,2.0,15.0,4.5,2.0,0.0,2.0,0.0,,,
31,IDATT1003-TrainDispatchSystem,2023-10-17 11:47:53,Java,,1,0,0,0,137,Java,265,generated by chatgpt,IDATT1003-TrainDispatchSystem\57d221b39d72c7de4dda17eb54c9809f14aa6da7\src\main\java\edu\ntnu\stud\UserInterface.java,,statement,,23,,"[265,265]",1,,,,,,regular expression,7,0,[],[],[],0,[],[],[],0,,,,[],[],[],1686.0,1052.0,458.0,103.0,17.0,7.0,18.2,234.0,40.0,2.0,1.0,2.4,0.0,0.0,77.0,761.0,2.4,209.0,146.0,2.03,1.42,4.0,1.0,1.0,0.0,0.0,1.0,16.7,1.0,0.0,0.0,0.0,0.0,3.0,30.0,20.0,0.0,0.0,0.0,0.0,,,
32,team-panda,2023-02-21 05:12:58,Java,3,0,1,5,1,140,Java,57,generated by chatgpt,team-panda\349e2fd827d67eb9e4d1e9dbfb9659c8841ca467\src\main\java\edu\northeastern\cs5500\starterbot\command\DeliveryCommand.java,team-panda\d666e5e1caf9691e8cae201b989b996cedffbde2\src\main\java\edu\northeastern\cs5500\starterbot\command\DeliveryCommand.java,statement,,8,,"[56,57]",2,,,,,,,3,2,"[-2, -3]","['94e3ff1b56901555ecef0c47dc3a7939b6e03ad5', 'd666e5e1caf9691e8cae201b989b996cedffbde2']","[[{'highest_ratio': 0.4397905759162304, 'best_match_position': (57, 58)}], [{'highest_ratio': 0.9291338582677166, 'best_match_position': (69, 70)}]]",2,"[-2, -3]","['94e3ff1b56901555ecef0c47dc3a7939b6e03ad5', 'd666e5e1caf9691e8cae201b989b996cedffbde2']","[[{'highest_ratio': 0.4397905759162304, 'best_match_position': (57, 58)}], [{'highest_ratio': 0.9291338582677166, 'best_match_position': (69, 70)}]]",0,,,,[],[],[],2308.0,1709.0,508.0,185.0,37.0,36.0,9.2,174.0,221.0,14.0,8.0,9.6,0.0,0.0,42.0,379.0,0.7,226.0,61.0,1.22,0.33,5.0,2.0,1.0,0.0,0.0,1.0,14.3,1.0,0.0,0.0,0.0,0.0,1.0,10.0,5.6,0.0,0.0,0.0,0.0,,,
34,team-panda,2023-02-21 05:12:58,Java,3,0,1,5,1,140,Java,73,generated by chatgpt,team-panda\3df074284d87eafda088dc7f5b13f03ed2d714ad\src\main\java\edu\northeastern\cs5500\starterbot\controller\CartController.java,team-panda\8f235dee4e38febf8e8e6b40e2cec3d2f36062b5\src\main\java\edu\northeastern\cs5500\starterbot\controller\CartController.java,method,,8,,"[81,94]",14,,,,,,,2,1,[-2],['8f235dee4e38febf8e8e6b40e2cec3d2f36062b5'],"[[{'highest_ratio': 0.47098214285714285, 'best_match_position': (42, 55)}]]",1,[-2],['8f235dee4e38febf8e8e6b40e2cec3d2f36062b5'],"[[{'highest_ratio': 0.47098214285714285, 'best_match_position': (42, 55)}]]",0,,,,[],[],[],2112.0,1530.0,458.0,163.0,35.0,34.0,10.7,183.0,101.0,9.0,5.0,4.8,0.0,0.0,40.0,307.0,0.7,200.0,55.0,1.23,0.34,15.0,8.0,4.0,2.0,1.0,1.0,16.7,2.0,0.0,0.0,0.0,0.0,2.0,15.0,5.0,2.0,0.0,1.0,0.0,,,
35,team-panda,2023-02-21 05:12:58,Java,3,0,1,5,1,140,Java,85,generated by chatgpt,team-panda\d666e5e1caf9691e8cae201b989b996cedffbde2\src\main\java\edu\northeastern\cs5500\starterbot\command\CheckoutCommand.java,,statement,,8,,"[84,85]",2,,,,,,,1,0,[],[],[],0,[],[],[],0,,,,[],[],[],2274.0,1603.0,476.0,163.0,39.0,38.0,11.5,208.0,225.0,10.0,6.0,9.9,0.0,0.0,17.0,216.0,0.4,204.0,66.0,1.25,0.4,5.0,2.0,1.0,0.0,0.0,1.0,14.3,1.0,0.0,0.0,0.0,0.0,1.0,10.0,5.6,0.0,0.0,0.0,0.0,,,
36,C206_CaseStudy,2023-07-22 00:06:49,Java,5,0,0,0,1,58,Java,8,generated by chatgpt,C206_CaseStudy\2c85fb13aceaa450b7732069cb808effef0ff1ab\C206_CaseStudy\src\C206_CaseStudy.java,,statement,,0,,"[8,8]",1,,,,,,,3,0,[],[],[],0,[],[],[],0,,,,[],[],[],714.0,537.0,282.0,67.0,9.0,9.0,11.4,69.0,0.0,0.0,0.0,0.0,0.0,2.0,99.0,937.0,5.8,112.0,49.0,1.67,0.73,4.0,1.0,1.0,0.0,0.0,1.0,16.7,1.0,0.0,0.0,0.0,0.0,3.0,30.0,20.0,0.0,0.0,0.0,0.0,,,
37,COSC10,2023-07-11 12:12:36,Java,,0,0,0,1,19,Java,103,generated by chatgpt,COSC10\720f7e2fc0a6f94a1e0392c60f8ac658dc1fbf59\Practice Problems\final practice problem solutoins\ChatServerCommunicator.java,,statement,,0,,"[103,103]",1,,,,,,regular expression,1,0,[],[],[],0,[],[],[],0,,,,[],[],[],278.0,217.0,133.0,12.0,4.0,4.0,9.6,23.0,0.0,0.0,0.0,0.0,0.0,0.0,19.0,187.0,2.9,43.0,56.0,3.58,4.67,4.0,1.0,1.0,0.0,0.0,1.0,16.7,1.0,0.0,0.0,0.0,0.0,3.0,30.0,20.0,0.0,0.0,0.0,0.0,,,
39,java-rest-api-assessment-tosimiadesoye,2023-10-10 18:57:08,Java,2,0,1,34,0,35,Java,187,generated by chatgpt,java-rest-api-assessment-tosimiadesoye\b30c66a7a3756665c5f7dc60b71620c577070b2f\src\main\java\com\cbfacademy\apiassessment\fitnessPlanner\PersonalisedFitnessPlan.java,java-rest-api-assessment-tosimiadesoye\eaf8e3361ae4115e1b74afbf45ea38d817346d9f\src\main\java\com\cbfacademy\apiassessment\fitnessPlanner\PersonalisedFitnessPlan.java,method,,4,,"[193,212]",20,,,,,,,10,9,"[-2, -3, -4, -5, -6, -7, -8, -9, -10]","['525b2512df468d9cac1f0a48e0411778e6113b75', '7b809e45f4e0c1e008974d3e45a261d6ef8effd9', '383d9148469301f988d6e0fe2cd0e62a832b1033', '789e3d12ff6ad138986df26352a6d2fa150ae6ab', '9ab2913326f5ae8e9ea5337fff9c9af88da4974e', '0fefbda2d5b17d9481aa8e851f17a9e5d020dea8', 'c34b74874cbf054af78298dd14991ecf219082e9', 'eaf8e3361ae4115e1b74afbf45ea38d817346d9f', 'd93543640c31f8eef4ef1420033557b67a121fca']","[[{'highest_ratio': 0.9686457638425617, 'best_match_position': (212, 231)}], [{'highest_ratio': 0.96271637816245, 'best_match_position': (211, 230)}], [{'highest_ratio': 0.9345794392523364, 'best_match_position': (142, 161)}], [{'highest_ratio': 0.9345794392523364, 'best_match_position': (138, 157)}], [{'highest_ratio': 0.9345794392523364, 'best_match_position': (138, 157)}], [{'highest_ratio': 0.9278489548213081, 'best_match_position': (144, 163)}], [{'highest_ratio': 0.9278489548213081, 'best_match_position': (152, 171)}], [{'highest_ratio': 0.9191374663072777, 'best_match_position': (169, 188)}], [{'highest_ratio': 0.9191374663072777, 'best_match_position': (149, 168)}]]",5,"[-2, -3, -4, -7, -9]","['525b2512df468d9cac1f0a48e0411778e6113b75', '7b809e45f4e0c1e008974d3e45a261d6ef8effd9', '383d9148469301f988d6e0fe2cd0e62a832b1033', '0fefbda2d5b17d9481aa8e851f17a9e5d020dea8', 'eaf8e3361ae4115e1b74afbf45ea38d817346d9f']","[[{'highest_ratio': 0.9686457638425617, 'best_match_position': (212, 231)}], [{'highest_ratio': 0.96271637816245, 'best_match_position': (211, 230)}], [{'highest_ratio': 0.9345794392523364, 'best_match_position': (142, 161)}], [{'highest_ratio': 0.9278489548213081, 'best_match_position': (144, 163)}], [{'highest_ratio': 0.9191374663072777, 'best_match_position': (169, 188)}]]",0,,,,[],[],[],1588.0,1087.0,321.0,143.0,30.0,27.0,5.3,61.0,0.0,0.0,0.0,0.0,0.0,0.0,76.0,538.0,1.6,151.0,33.0,1.06,0.23,21.0,11.0,7.0,2.0,1.0,1.0,18.8,3.0,0.0,0.0,0.0,0.0,2.0,15.0,3.8,2.0,0.0,1.0,0.0,,,
40,Project,2024-01-26 19:36:01,Java,5,0,0,0,0,414,Java,22,generated by chatgpt,Project\46f7654c479daee612ea23d725803af4fb4a7b35\client\app\src\main\java\org\example\Pages\Managers\CreateAccount.java,Project\1a7379aa205994f144d91634ef006bda4e5404c6\client\app\src\main\java\org\example\Pages\Managers\CreateAccount.java,file,,9,,"[1,124]",124,,,,,,,3,2,"[-2, -3]","['7755add54676f064bd768468bcd848a58c295b81', '1a7379aa205994f144d91634ef006bda4e5404c6']","[[{'highest_ratio': 0.7548720668169163, 'best_match_position': (1, 100)}], [{'highest_ratio': 0.7516831683168317, 'best_match_position': (1, 101)}]]",2,"[-2, -3]","['7755add54676f064bd768468bcd848a58c295b81', '1a7379aa205994f144d91634ef006bda4e5404c6']","[[{'highest_ratio': 0.7548720668169163, 'best_match_position': (1, 100)}], [{'highest_ratio': 0.7516831683168317, 'best_match_position': (1, 101)}]]",0,,,,[],[],[],3560.0,2617.0,1148.0,254.0,98.0,56.0,6.0,168.0,0.0,0.0,0.0,0.0,0.0,5.0,116.0,812.0,1.0,302.0,98.0,1.19,0.39,124.0,105.0,61.0,3.0,1.0,1.0,1.9,2.0,0.0,0.0,0.0,0.0,6.0,70.0,2.2,7.0,7.0,2.33,2.33,,,
41,composum-AI,2023-04-04 11:42:55,Java,4,1,1,4,4,893,Java,17,generated by chatgpt,composum-AI\2256cb29fb0dac57a3252a6e319f3869eae9bc87\backend\base\src\main\java\com\composum\ai\backend\base\service\chat\impl\HtmlToMarkdownConverter.java,composum-AI\5581a3415ddf6d87ad9be1b49e59da55d9a4f4cc\backend\base\src\main\java\com\composum\ai\backend\base\service\chat\impl\HtmlToMarkdownConverter.java,file,,195,,"[1,138]",138,,,,,,,11,10,"[-2, -3, -4, -5, -6, -7, -8, -9, -10, -11]","['979cafbedf5df4b21fbf9d61514e11c4b143447b', 'dbbf36a92e9afa51e75b8d7c0d69e1a04ebd9f33', 'e0830ed1433ba2589843601b7e06dae370d471ef', '524f2256f84331dd4cbe99ed1cadb46da18dc91f', '39af36f6985d39d495c1d851c25155521a965626', '855b3479d92212efaaee49afe461cfea8ffd8bea', '2f690b4b7d36615180069943fe4049e1c45a7476', '8c946bba22fadd4d55491adeed3cc2e34259232f', 'a70f653ba52f4cf97833f1976cdcc12ba2e4fba2', '5581a3415ddf6d87ad9be1b49e59da55d9a4f4cc']","[[{'highest_ratio': 0.6689269367689439, 'best_match_position': (1, 243)}], [{'highest_ratio': 0.5431021283111315, 'best_match_position': (1, 271)}], [{'highest_ratio': 0.5376970783830233, 'best_match_position': (1, 275)}], [{'highest_ratio': 0.5146693913297329, 'best_match_position': (1, 286)}], [{'highest_ratio': 0.4799449604403165, 'best_match_position': (1, 309)}], [{'highest_ratio': 0.44822475674979056, 'best_match_position': (1, 336)}], [{'highest_ratio': 0.4258948023653906, 'best_match_position': (1, 349)}], [{'highest_ratio': 0.4185475956820412, 'best_match_position': (1, 355)}], [{'highest_ratio': 0.40683842429314365, 'best_match_position': (1, 363)}], [{'highest_ratio': 0.40615678320009546, 'best_match_position': (1, 367)}]]",10,"[-2, -3, -4, -5, -6, -7, -8, -9, -10, -11]","['979cafbedf5df4b21fbf9d61514e11c4b143447b', 'dbbf36a92e9afa51e75b8d7c0d69e1a04ebd9f33', 'e0830ed1433ba2589843601b7e06dae370d471ef', '524f2256f84331dd4cbe99ed1cadb46da18dc91f', '39af36f6985d39d495c1d851c25155521a965626', '855b3479d92212efaaee49afe461cfea8ffd8bea', '2f690b4b7d36615180069943fe4049e1c45a7476', '8c946bba22fadd4d55491adeed3cc2e34259232f', 'a70f653ba52f4cf97833f1976cdcc12ba2e4fba2', '5581a3415ddf6d87ad9be1b49e59da55d9a4f4cc']","[[{'highest_ratio': 0.6689269367689439, 'best_match_position': (1, 243)}], [{'highest_ratio': 0.5431021283111315, 'best_match_position': (1, 271)}], [{'highest_ratio': 0.5376970783830233, 'best_match_position': (1, 275)}], [{'highest_ratio': 0.5146693913297329, 'best_match_position': (1, 286)}], [{'highest_ratio': 0.4799449604403165, 'best_match_position': (1, 309)}], [{'highest_ratio': 0.44822475674979056, 'best_match_position': (1, 336)}], [{'highest_ratio': 0.4258948023653906, 'best_match_position': (1, 349)}], [{'highest_ratio': 0.4185475956820412, 'best_match_position': (1, 355)}], [{'highest_ratio': 0.40683842429314365, 'best_match_position': (1, 363)}], [{'highest_ratio': 0.40615678320009546, 'best_match_position': (1, 367)}]]",3,,,,"[-4, -5, -6]","['e0830ed1433ba2589843601b7e06dae370d471ef', '524f2256f84331dd4cbe99ed1cadb46da18dc91f', '39af36f6985d39d495c1d851c25155521a965626']","[[{'highest_ratio': 0.5376970783830233, 'best_match_position': (1, 275)}], [{'highest_ratio': 0.5146693913297329, 'best_match_position': (1, 286)}], [{'highest_ratio': 0.4799449604403165, 'best_match_position': (1, 309)}]]",4093.0,2792.0,1174.0,235.0,56.0,42.0,12.6,402.0,65.0,10.0,1.0,1.6,0.0,3.0,104.0,732.0,0.9,461.0,326.0,1.96,1.39,138.0,106.0,65.0,4.0,1.0,1.0,7.0,8.0,0.0,0.0,0.0,0.0,3.0,12.0,0.4,24.0,10.0,6.0,2.5,,,
42,project-team-31,2024-01-31 05:00:48,Java,6,0,0,1,1,142,Java,58,generated by chatgpt,project-team-31\c0aeb8b9578ce30f9665c18dd74add58037ffff4\lib\src\main\java\edu\ucsd\cse110\successorator\lib\domain\SimpleGoalRepository.java,project-team-31\7b65a890395d555411d80c55be3ad801004adf71\lib\src\main\java\edu\ucsd\cse110\successorator\lib\domain\SimpleGoalRepository.java,method,,30,,"[60,78]",19,,,,,,,10,1,[-9],['7b65a890395d555411d80c55be3ad801004adf71'],"[[{'highest_ratio': 0.5899788285109386, 'best_match_position': (86, 104)}]]",1,[-9],['7b65a890395d555411d80c55be3ad801004adf71'],"[[{'highest_ratio': 0.5899788285109386, 'best_match_position': (86, 104)}]]",0,,,,[],[],[],1418.0,992.0,330.0,134.0,25.0,25.0,7.4,79.0,27.0,2.0,2.0,1.9,0.0,0.0,21.0,145.0,0.5,152.0,37.0,1.13,0.28,20.0,12.0,9.0,1.0,1.0,1.0,22.2,4.0,0.0,0.0,0.0,0.0,2.0,15.0,3.6,3.0,3.0,3.0,3.0,,,
43,ComplierCode,2023-10-13 06:03:17,Java,,0,0,0,1,12,Java,35,generated by chatgpt,ComplierCode\8d086f87da8c0104eb9cf884e1d4a5dfb2c411ab\src\main\java\parser\allstar\exprprec\ExprPrecTest.java,,statement,,0,,"[36,48]",13,,,,,,,1,0,[],[],[],0,[],[],[],0,,,,[],[],[],2773.0,2089.0,892.0,201.0,51.0,54.0,7.1,160.0,159.0,9.0,3.0,5.7,0.0,0.0,75.0,677.0,1.1,270.0,110.0,1.34,0.55,16.0,10.0,9.0,0.0,0.0,1.0,0.0,0.0,0.0,0.0,0.0,0.0,1.0,10.0,2.4,0.0,0.0,0.0,0.0,,,
44,collageify,2023-06-06 22:51:23,Java,,0,1,5,1,68,Java,17,generated by chatgpt,collageify\7358276dec31892fb6b6123f4cd567efbcde718f\app\src\main\java\collageify\web\config\AsyncConfig.java,,file,,5,,"[1,33]",33,,,,,,,1,0,[],[],[],0,[],[],[],0,,,,[],[],[],2421.0,1417.0,440.0,119.0,44.0,47.0,22.5,412.0,63.0,4.0,4.0,2.6,0.0,9.0,208.0,1558.0,3.7,158.0,129.0,1.33,1.08,33.0,20.0,7.0,1.0,1.0,1.0,25.9,7.0,0.0,0.0,0.0,0.0,0.0,0.0,0.0,1.0,0.0,1.0,0.0,,,
45,custom-record-poc,2023-09-22 05:18:44,Java,,0,0,0,2,3,Java,614,generated by chatgpt,custom-record-poc\cbe58c8bd3f09878060763895cc5b991df78e08f\bundle\src\main\java\com\example\bundle\VideoGameGamesCustomRecordProvider.java,,method,,0,,"[621,646]",26,,,,,,,2,0,[],[],[],0,[],[],[],0,,,,[],[],[],701.0,239.0,152.0,11.0,2.0,2.0,56.6,312.0,0.0,0.0,0.0,0.0,0.0,0.0,41.0,272.0,3.8,56.0,75.0,5.09,6.82,27.0,18.0,14.0,1.0,1.0,1.0,9.1,2.0,0.0,0.0,0.0,0.0,3.0,20.0,3.3,4.0,5.0,4.0,5.0,,,
46,mu_repository,2023-06-21 13:56:53,Java,2,0,4,0,1,19,Java,17,generated by chatgpt,mu_repository\e1339a67b44f710eb10b46975790df205373a494\app\src\main\java\de\ekert\mavendemo\ki\other\SwingUICountdownTimerFromGPTWithOffByOne.java,,file,,2,,"[1,111]",111,,,,,,,1,0,[],[],[],0,[],[],[],0,,,,[],[],[],529.0,377.0,152.0,32.0,10.0,9.0,10.5,44.0,34.0,2.0,2.0,6.4,0.0,1.0,19.0,160.0,1.4,44.0,17.0,1.38,0.53,111.0,78.0,38.0,3.0,1.0,1.0,10.3,9.0,0.0,0.0,0.0,0.0,5.0,55.0,2.4,6.0,5.0,2.0,1.67,,,
47,cars,2023-08-31 06:47:57,Java,,0,0,0,1,3,Java,8,generated by chatgpt,cars\e454b5bf0709cb31b46a0a7cfd41ee754562824a\src\main\java\dat3\car\config\CarTestDataFactory.java,,file,,0,,"[1,49]",49,,,,,,,1,0,[],[],[],0,[],[],[],0,,,,[],[],[],857.0,636.0,217.0,57.0,17.0,17.0,9.4,66.0,0.0,0.0,0.0,0.0,0.0,2.0,58.0,457.0,2.4,72.0,7.0,1.26,0.12,49.0,34.0,10.0,1.0,1.0,1.0,17.1,7.0,0.0,0.0,0.0,0.0,3.0,20.0,2.0,2.0,1.0,2.0,1.0,,,
48,CarsRUs,2023-08-23 12:44:10,Java,,0,0,0,1,57,Java,8,generated by chatgpt,CarsRUs\4fa284533c55ba6bb83e587a5f3166b62a748302\src\main\java\dat3\car\config\CarTestDataFactory.java,,file,,2,,"[1,49]",49,,,,,,,1,0,[],[],[],0,[],[],[],0,,,,[],[],[],2808.0,2150.0,745.0,177.0,48.0,47.0,5.2,117.0,0.0,0.0,0.0,0.0,0.0,4.0,126.0,1040.0,1.6,247.0,42.0,1.4,0.24,49.0,34.0,10.0,1.0,1.0,1.0,17.1,7.0,0.0,0.0,0.0,0.0,3.0,20.0,2.0,2.0,1.0,2.0,1.0,,,
49,cars,2023-08-31 06:47:57,Java,,0,0,0,1,3,Java,9,generated by chatgpt,cars\e454b5bf0709cb31b46a0a7cfd41ee754562824a\src\main\java\dat3\car\config\MemberTestDataFactory.java,,file,,0,,"[1,45]",45,,,,,,,1,0,[],[],[],0,[],[],[],0,,,,[],[],[],857.0,636.0,217.0,57.0,17.0,17.0,9.4,66.0,0.0,0.0,0.0,0.0,0.0,2.0,58.0,457.0,2.4,72.0,7.0,1.26,0.12,45.0,27.0,18.0,1.0,1.0,1.0,25.0,9.0,0.0,0.0,0.0,0.0,3.0,20.0,2.5,2.0,1.0,2.0,1.0,,,
50,CarsRUs,2023-08-23 12:44:10,Java,,0,0,0,1,57,Java,9,generated by chatgpt,CarsRUs\4fa284533c55ba6bb83e587a5f3166b62a748302\src\main\java\dat3\car\config\MemberTestDataFactory.java,CarsRUs\3b5684bb142ede18315e23a05f02b8006ed649ce\src\main\java\dat3\car\config\MemberTestDataFactory.java,file,,2,,"[1,45]",45,,,,,,,2,1,[-2],['3b5684bb142ede18315e23a05f02b8006ed649ce'],"[[{'highest_ratio': 0.9795149517306334, 'best_match_position': (1, 47)}]]",1,[-2],['3b5684bb142ede18315e23a05f02b8006ed649ce'],"[[{'highest_ratio': 0.9795149517306334, 'best_match_position': (1, 47)}]]",1,,,,[-2],['3b5684bb142ede18315e23a05f02b8006ed649ce'],"[[{'highest_ratio': 0.9795149517306334, 'best_match_position': (1, 47)}]]",2808.0,2150.0,745.0,177.0,48.0,47.0,5.2,117.0,0.0,0.0,0.0,0.0,0.0,4.0,126.0,1040.0,1.6,247.0,42.0,1.4,0.24,45.0,27.0,18.0,1.0,1.0,1.0,25.0,9.0,0.0,0.0,0.0,0.0,3.0,20.0,2.5,2.0,1.0,2.0,1.0,,,
52,CSI2110,2023-10-22 20:42:05,Java,,0,0,0,1,1,Java,11,generated by chatgpt,CSI2110\506c2d2dbedd45728ac26239f85df618c6e8b23c\KNearestNeighbors.java,,file,,0,,"[1,89]",89,,,,,,,1,0,[],[],[],0,[],[],[],0,,,,[],[],[],741.0,402.0,233.0,46.0,9.0,8.0,15.9,76.0,0.0,0.0,0.0,0.0,0.0,2.0,27.0,285.0,2.4,92.0,71.0,2.0,1.54,89.0,54.0,33.0,5.0,2.0,1.0,25.0,18.0,0.0,0.0,0.0,0.0,3.0,30.0,1.9,12.0,7.0,2.4,1.4,,,
53,owf-tstool-googledrive-plugin,2023-12-08 11:48:25,Java,,0,0,0,1,20,Java,64,generated by chatgpt,owf-tstool-googledrive-plugin\86609b8b52282e8a800673855c2ec6cff141dc99\owf-tstool-googledrive-plugin\src\main\java\org\openwaterfoundation\tstool\plugin\googledrive\GoogleDriveToolkit.java,owf-tstool-googledrive-plugin\2da006ab45cf9cb54228f0257911fce5ea9f58c4\owf-tstool-googledrive-plugin\src\main\java\org\openwaterfoundation\tstool\plugin\googledrive\GoogleDriveToolkit.java,method,,17,,"[71,153]",83,,,,,,,5,3,"[-3, -4, -5]","['80c1fe283e60a5e906c9941aaf2d0591ba6fd812', '5947c1ee64617905ff5b3a5429e298292c56d8ca', '2da006ab45cf9cb54228f0257911fce5ea9f58c4']","[[{'highest_ratio': 0.9992516837116487, 'best_match_position': (86, 168)}], [{'highest_ratio': 0.9992516837116487, 'best_match_position': (89, 171)}], [{'highest_ratio': 0.7021249522840056, 'best_match_position': (165, 247)}]]",2,"[-3, -5]","['80c1fe283e60a5e906c9941aaf2d0591ba6fd812', '2da006ab45cf9cb54228f0257911fce5ea9f58c4']","[[{'highest_ratio': 0.9992516837116487, 'best_match_position': (86, 168)}], [{'highest_ratio': 0.7021249522840056, 'best_match_position': (165, 247)}]]",2,,,,"[-3, -5]","['80c1fe283e60a5e906c9941aaf2d0591ba6fd812', '2da006ab45cf9cb54228f0257911fce5ea9f58c4']","[[{'highest_ratio': 0.9992516837116487, 'best_match_position': (86, 168)}], [{'highest_ratio': 0.7021249522840056, 'best_match_position': (165, 247)}]]",5392.0,2710.0,1538.0,61.0,7.0,7.0,43.4,2081.0,146.0,6.0,2.0,2.7,0.0,9.0,418.0,3017.0,3.7,433.0,843.0,7.1,13.82,84.0,53.0,31.0,1.0,1.0,1.0,34.5,29.0,0.0,0.0,0.0,0.0,5.0,45.0,2.7,9.0,15.0,9.0,15.0,,,
54,Cars,2023-08-31 10:31:52,Java,2,0,0,0,1,14,Java,6,generated by chatgpt,Cars\4af4088d5aebf6681509d397c393e5a90efa2880\src\main\java\dat3\cars\config\CarTestDataFactory.java,,file,,0,,"[1,48]",48,,,,,,,1,0,[],[],[],0,[],[],[],0,,,,[],[],[],2573.0,1761.0,521.0,150.0,46.0,45.0,16.9,357.0,0.0,0.0,0.0,0.0,0.0,2.0,120.0,965.0,1.8,207.0,37.0,1.38,0.25,48.0,34.0,10.0,1.0,1.0,1.0,17.1,7.0,0.0,0.0,0.0,0.0,3.0,20.0,2.0,2.0,1.0,2.0,1.0,,,
55,Cars,2023-08-31 10:31:52,Java,2,0,0,0,1,14,Java,8,generated by chatgpt,Cars\4af4088d5aebf6681509d397c393e5a90efa2880\src\main\java\dat3\cars\config\MemberTestDataFactory.java,,file,,0,,"[1,44]",44,,,,,,,1,0,[],[],[],0,[],[],[],0,,,,[],[],[],2573.0,1761.0,521.0,150.0,46.0,45.0,16.9,357.0,0.0,0.0,0.0,0.0,0.0,2.0,120.0,965.0,1.8,207.0,37.0,1.38,0.25,44.0,27.0,18.0,1.0,1.0,1.0,25.0,9.0,0.0,0.0,0.0,0.0,4.0,21.0,2.6,2.0,1.0,2.0,1.0,,,
64,project-team-31,2024-01-31 05:00:48,Java,6,0,0,1,1,142,Java,63,generated by chatgpt,project-team-31\c0aeb8b9578ce30f9665c18dd74add58037ffff4\app\src\main\java\edu\ucsd\cse110\successorator\app\data\db\GoalDao.java,project-team-31\1c401944a30c2e763d35e6063705b9441e71dd1a\app\src\main\java\edu\ucsd\cse110\successorator\app\data\db\GoalDao.java,method,,30,,"[64,88]",25,,,,,,,7,5,"[-3, -4, -5, -6, -7]","['4eb5810881aff6826d89d61060a0d4302cb8100f', '7fa8ff9bfcc56946ad850971100d12fb8bdf8d57', 'ab2401f1c3c0946f14a1ff95a3e9f409399a1e95', '7b65a890395d555411d80c55be3ad801004adf71', '1c401944a30c2e763d35e6063705b9441e71dd1a']","[[{'highest_ratio': 0.9856244384546271, 'best_match_position': (64, 88)}], [{'highest_ratio': 0.9856244384546271, 'best_match_position': (66, 90)}], [{'highest_ratio': 0.9790272199910754, 'best_match_position': (66, 90)}], [{'highest_ratio': 0.691762621789194, 'best_match_position': (66, 90)}], [{'highest_ratio': 0.7258652094717668, 'best_match_position': (64, 88)}]]",4,"[-3, -5, -6, -7]","['4eb5810881aff6826d89d61060a0d4302cb8100f', 'ab2401f1c3c0946f14a1ff95a3e9f409399a1e95', '7b65a890395d555411d80c55be3ad801004adf71', '1c401944a30c2e763d35e6063705b9441e71dd1a']","[[{'highest_ratio': 0.9856244384546271, 'best_match_position': (64, 88)}], [{'highest_ratio': 0.9790272199910754, 'best_match_position': (66, 90)}], [{'highest_ratio': 0.691762621789194, 'best_match_position': (66, 90)}], [{'highest_ratio': 0.7258652094717668, 'best_match_position': (64, 88)}]]",0,,,,[],[],[],1418.0,992.0,330.0,134.0,25.0,25.0,7.4,79.0,27.0,2.0,2.0,1.9,0.0,0.0,21.0,145.0,0.5,152.0,37.0,1.13,0.28,26.0,17.0,6.0,4.0,1.0,1.0,13.6,3.0,0.0,0.0,0.0,0.0,2.0,15.0,2.6,1.0,0.0,0.25,0.0,,,
65,team-panda,2023-02-21 05:12:58,Java,3,0,1,5,1,140,Java,57,generated by chatgpt,team-panda\349e2fd827d67eb9e4d1e9dbfb9659c8841ca467\src\main\java\edu\northeastern\cs5500\starterbot\command\PickUpCommand.java,team-panda\d666e5e1caf9691e8cae201b989b996cedffbde2\src\main\java\edu\northeastern\cs5500\starterbot\command\PickUpCommand.java,statement,,8,,"[56,57]",2,,,,,,,3,2,"[-2, -3]","['94e3ff1b56901555ecef0c47dc3a7939b6e03ad5', 'd666e5e1caf9691e8cae201b989b996cedffbde2']","[[{'highest_ratio': 0.4397905759162304, 'best_match_position': (57, 58)}], [{'highest_ratio': 0.9291338582677166, 'best_match_position': (69, 70)}]]",2,"[-2, -3]","['94e3ff1b56901555ecef0c47dc3a7939b6e03ad5', 'd666e5e1caf9691e8cae201b989b996cedffbde2']","[[{'highest_ratio': 0.4397905759162304, 'best_match_position': (57, 58)}], [{'highest_ratio': 0.9291338582677166, 'best_match_position': (69, 70)}]]",0,,,,[],[],[],2308.0,1709.0,508.0,185.0,37.0,36.0,9.2,174.0,221.0,14.0,8.0,9.6,0.0,0.0,42.0,379.0,0.7,226.0,61.0,1.22,0.33,5.0,2.0,1.0,0.0,0.0,1.0,14.3,1.0,0.0,0.0,0.0,0.0,1.0,10.0,5.6,0.0,0.0,0.0,0.0,,,
66,team-panda,2023-02-21 05:12:58,Java,3,0,1,5,1,140,Java,59,generated by chatgpt,team-panda\d666e5e1caf9691e8cae201b989b996cedffbde2\src\main\java\edu\northeastern\cs5500\starterbot\command\CartCommand.java,,statement,,8,,"[58,59]",2,,,,,,,1,0,[],[],[],0,[],[],[],0,,,,[],[],[],2274.0,1603.0,476.0,163.0,39.0,38.0,11.5,208.0,225.0,10.0,6.0,9.9,0.0,0.0,17.0,216.0,0.4,204.0,66.0,1.25,0.4,5.0,2.0,1.0,0.0,0.0,1.0,14.3,1.0,0.0,0.0,0.0,0.0,1.0,10.0,5.6,0.0,0.0,0.0,0.0,,,
67,sbu_fall2023_cse214,2023-09-08 19:03:39,Java,,0,0,0,1,12,Java,5,generated by chatgpt,sbu_fall2023_cse214\8c834682ac224bfe07062f6b1ade82beb5e471e0\Homeworks\src\cse214hw2\DISTest.java,,file,,0,,"[1,47]",47,,,,,,,1,0,[],[],[],0,[],[],[],0,,,,[],[],[],1955.0,1460.0,807.0,180.0,42.0,35.0,11.5,190.0,70.0,6.0,3.0,3.6,0.0,1.0,175.0,1868.0,4.3,362.0,312.0,2.01,1.73,47.0,29.0,24.0,1.0,1.0,1.0,48.2,27.0,0.0,0.0,0.0,0.0,24.0,240.0,27.6,1.0,0.0,1.0,0.0,,,
68,Learning-Tomorrow,2024-01-05 11:51:40,Java,,0,0,0,1,4,Java,297,generated by chatgpt,Learning-Tomorrow\0c232e5e92928c528dc4e4ef09a3e024b69d3cc0\LearningTomorrow\LearningTomorrowEditor\LTEditor.java,,method,,0,,"[296,313]",18,,,,,,,1,0,[],[],[],0,[],[],[],0,,,,[],[],[],4244.0,2921.0,1575.0,241.0,56.0,46.0,14.7,502.0,177.0,8.0,6.0,4.2,0.0,12.0,225.0,1565.0,1.8,496.0,374.0,2.06,1.55,19.0,16.0,7.0,1.0,1.0,1.0,5.3,1.0,0.0,0.0,0.0,0.0,4.0,25.0,4.6,3.0,0.0,3.0,0.0,,,
71,team-panda,2023-02-21 05:12:58,Java,3,0,1,5,1,140,Java,82,generated by chatgpt,team-panda\d666e5e1caf9691e8cae201b989b996cedffbde2\src\main\java\edu\northeastern\cs5500\starterbot\command\StartCommand.java,,statement,,8,,"[81,82]",2,,,,,,,1,0,[],[],[],0,[],[],[],0,,,,[],[],[],2274.0,1603.0,476.0,163.0,39.0,38.0,11.5,208.0,225.0,10.0,6.0,9.9,0.0,0.0,17.0,216.0,0.4,204.0,66.0,1.25,0.4,5.0,2.0,1.0,0.0,0.0,1.0,14.3,1.0,0.0,0.0,0.0,0.0,1.0,10.0,5.6,0.0,0.0,0.0,0.0,,,
72,mu_repository,2023-06-21 13:56:53,Java,2,0,4,0,1,19,Java,8,generated by chatgpt,mu_repository\e1339a67b44f710eb10b46975790df205373a494\app\src\main\java\de\ekert\mavendemo\ki\other\CountdownTimerOriginalFromChatGPT_OK.java,,file,,2,,"[1,55]",55,,,,,,,1,0,[],[],[],0,[],[],[],0,,,,[],[],[],529.0,377.0,152.0,32.0,10.0,9.0,10.5,44.0,34.0,2.0,2.0,6.4,0.0,1.0,19.0,160.0,1.4,44.0,17.0,1.38,0.53,55.0,40.0,19.0,3.0,1.0,1.0,7.0,3.0,0.0,0.0,0.0,0.0,3.0,20.0,1.7,4.0,3.0,1.33,1.0,,,
73,2023-compilers-coding-0,2023-02-26 08:08:41,Java,,3,1,0,0,27,Java,35,generated by chatgpt,2023-compilers-coding-0\6680ddc2d7593fc56b9f6eb6c08c410e8bf34799\src\main\java\parser\allstar\exprprec\ExprPrecTest.java,2023-compilers-coding-0\8c041c1cb10259838b7b0eb62988245dd293972f\src\main\java\parser\allstar\exprprec\ExprPrecTest.java,statement,,1,,"[36,48]",13,,,,,,,2,1,[-2],['8c041c1cb10259838b7b0eb62988245dd293972f'],"[[{'highest_ratio': 0.9711934156378601, 'best_match_position': (37, 49)}]]",1,[-2],['8c041c1cb10259838b7b0eb62988245dd293972f'],"[[{'highest_ratio': 0.9711934156378601, 'best_match_position': (37, 49)}]]",0,,,,[],[],[],1266.0,964.0,387.0,95.0,30.0,31.0,4.3,43.0,111.0,9.0,4.0,8.8,0.0,0.0,44.0,428.0,1.5,154.0,97.0,1.62,1.02,16.0,10.0,9.0,0.0,0.0,1.0,0.0,0.0,0.0,0.0,0.0,0.0,1.0,10.0,2.4,0.0,0.0,0.0,0.0,,,
74,cars-back,2023-10-16 11:26:42,Java,,0,2,0,1,12,Java,9,generated by chatgpt,cars-back\b2efef82f1ecd8ec4b0e5713cad3e9364348b8d2\src\main\java\dat3\car\config\MemberTestDataFactory.java,,file,,0,,"[1,45]",45,,,,,,,1,0,[],[],[],0,[],[],[],0,,,,[],[],[],2456.0,1854.0,605.0,161.0,46.0,45.0,7.3,145.0,0.0,0.0,0.0,0.0,0.0,2.0,122.0,979.0,1.8,226.0,37.0,1.4,0.23,45.0,27.0,18.0,1.0,1.0,1.0,25.0,9.0,0.0,0.0,0.0,0.0,3.0,20.0,2.5,2.0,1.0,2.0,1.0,,,
75,design-patterns,2024-03-05 01:39:13,Java,,0,0,0,1,3,Java,13,generated by chatgpt,design-patterns\17ea6debc7cb8d262d0bb2452481c5f01cb02d5f\src\main\java\br\com\lcalves\designpatterns\application\services\impl\RegistrationNumberGeneratorServiceImpl.java,,file,,0,,"[1,79]",79,,,,,,,1,0,[],[],[],0,[],[],[],0,,,,[],[],[],781.0,551.0,130.0,100.0,21.0,21.0,1.3,7.0,60.0,2.0,2.0,7.7,0.0,0.0,3.0,45.0,0.3,91.0,6.0,0.91,0.06,79.0,50.0,21.0,6.0,1.0,1.0,3.8,2.0,0.0,0.0,0.0,0.0,0.0,0.0,0.0,9.0,3.0,1.5,0.5,,,
76,Legend-Of-Zelda,2023-09-11 11:08:40,Java,5,5,0,0,1,684,Java,36,generated by chatgpt,Legend-Of-Zelda\a751474bc7219de9ebf35de611519895462cf89f\Engine\Graphics\Tile\ShadowLayer.java,Legend-Of-Zelda\8926800a2f7f7927befe5a9aca2e1eb72ee175b1\Engine\Graphics\Tile\ShadowLayer.java,method,,34,,"[36,96]",61,,,,,,,3,2,"[-2, -3]","['9ac2c739da2e37fc126af86a94d4abcd8e851936', '8926800a2f7f7927befe5a9aca2e1eb72ee175b1']","[[{'highest_ratio': 0.9996713769306605, 'best_match_position': (36, 96)}], [{'highest_ratio': 0.9558773997979118, 'best_match_position': (35, 95)}]]",2,"[-2, -3]","['9ac2c739da2e37fc126af86a94d4abcd8e851936', '8926800a2f7f7927befe5a9aca2e1eb72ee175b1']","[[{'highest_ratio': 0.9996713769306605, 'best_match_position': (36, 96)}], [{'highest_ratio': 0.9558773997979118, 'best_match_position': (35, 95)}]]",0,,,,[],[],[],9514.0,6004.0,2839.0,655.0,98.0,97.0,23.3,1821.0,198.0,13.0,9.0,2.1,3.0,18.0,894.0,5891.0,3.3,1247.0,927.0,1.9,1.42,62.0,35.0,27.0,2.0,1.0,1.0,33.9,19.0,0.0,0.0,0.0,0.0,7.0,45.0,4.1,10.0,10.0,5.0,5.0,,,
77,ICS4U-Unit1-01,2024-02-15 14:24:10,Java,,0,0,0,1,9,Java,35,generated by chatgpt,ICS4U-Unit1-01\257989be016a0e3b436effd67d4856eec7523ecf\index.java,,method,,0,,"[34,54]",21,,,,,,,1,0,[],[],[],0,[],[],[],0,,,,[],[],[],57.0,19.0,12.0,2.0,1.0,1.0,32.1,9.0,0.0,0.0,0.0,0.0,0.0,0.0,6.0,60.0,10.5,2.0,0.0,1.0,0.0,22.0,13.0,11.0,1.0,1.0,1.0,11.8,2.0,0.0,0.0,0.0,0.0,7.0,65.0,14.4,1.0,0.0,1.0,0.0,,,
78,weather-project,2023-05-30 17:00:48,Java,,0,0,0,1,37,Java,9,generated by chatgpt,weather-project\057324af6f9adc9722eb30a99f97d4b786da1114\telegram-service\src\main\java\com\sokima\weather\telegram\service\TableWeatherReportService.java,,method,,1,,"[11,108]",98,,,,,,,1,0,[],[],[],0,[],[],[],0,,,,[],[],[],1444.0,982.0,303.0,85.0,34.0,33.0,6.7,70.0,0.0,0.0,0.0,0.0,0.0,0.0,20.0,158.0,0.5,137.0,53.0,1.61,0.62,99.0,85.0,24.0,1.0,0.0,1.0,4.4,4.0,0.0,0.0,0.0,0.0,12.0,138.0,5.3,2.0,1.0,2.0,1.0,,,
79,StressOverflow,2023-10-03 23:20:45,Java,5,0,1,0,0,240,Java,843,generated by chatgpt,StressOverflow\36d769219deae9acb8251276e16c8502ed104d8f\app\src\androidTest\java\com\example\StressOverflow\FilterTest.java,,method,,39,,"[848,861]",14,,,,,,,8,0,[],[],[],0,[],[],[],0,,,,[],[],[],5738.0,4136.0,1673.0,226.0,39.0,31.0,11.5,535.0,291.0,15.0,8.0,5.1,0.0,11.0,255.0,2546.0,2.1,491.0,371.0,2.17,1.64,15.0,13.0,4.0,1.0,1.0,1.0,0.0,0.0,0.0,0.0,0.0,0.0,4.0,25.0,5.6,4.0,1.0,4.0,1.0,,,
80,IST311ReviewQuiz,2023-09-06 15:13:42,Java,,0,0,0,1,2,Java,2,generated by chatgpt,IST311ReviewQuiz\7a10e49d3b74c7c768e4b90f1f68402b25fe0066\src\main\java\Media.java,,file,,0,,"[1,27]",27,,,,,,,1,0,[],[],[],0,[],[],[],0,,,,[],[],[],83.0,59.0,27.0,7.0,3.0,3.0,0.0,0.0,0.0,0.0,0.0,0.0,0.0,0.0,16.0,150.0,8.5,7.0,2.0,1.0,0.29,27.0,18.0,5.0,3.0,1.0,1.0,0.0,0.0,0.0,0.0,0.0,0.0,2.0,12.0,2.2,1.0,0.0,0.33,0.0,,,
83,java_dao,2023-07-31 16:13:30,Java,,0,0,0,1,2,Java,9,generated by chatgpt,java_dao\d65ebcae12fa840b98fc23bf706fa96dcae9f8ce\src\main\java\de\htwberlin\dao\MautabschnittDao.java,,file,,0,,"[1,33]",33,,,,,,,1,0,[],[],[],0,[],[],[],0,,,,[],[],[],2596.0,1444.0,607.0,214.0,33.0,31.0,22.6,422.0,36.0,2.0,1.0,1.4,0.0,6.0,81.0,784.0,1.8,221.0,62.0,1.03,0.29,33.0,8.0,0.0,2.0,1.0,1.0,55.6,10.0,0.0,0.0,0.0,0.0,0.0,0.0,0.0,0.0,0.0,0.0,0.0,,,
84,java_dao,2023-07-31 16:13:30,Java,,0,0,0,1,2,Java,11,generated by chatgpt,java_dao\d65ebcae12fa840b98fc23bf706fa96dcae9f8ce\src\main\java\de\htwberlin\dao\BuchungsStatusDao.java,,file,,0,,"[1,53]",53,,,,,,,1,0,[],[],[],0,[],[],[],0,,,,[],[],[],2596.0,1444.0,607.0,214.0,33.0,31.0,22.6,422.0,36.0,2.0,1.0,1.4,0.0,6.0,81.0,784.0,1.8,221.0,62.0,1.03,0.29,53.0,11.0,0.0,5.0,1.0,1.0,60.7,17.0,0.0,0.0,0.0,0.0,0.0,0.0,0.0,0.0,0.0,0.0,0.0,,,
85,java_dao,2023-07-31 16:13:30,Java,,0,0,0,1,2,Java,8,generated by chatgpt,java_dao\d65ebcae12fa840b98fc23bf706fa96dcae9f8ce\src\main\java\de\htwberlin\dao\FahrzeuggeratDao.java,,file,,0,,"[1,64]",64,,,,,,,1,0,[],[],[],0,[],[],[],0,,,,[],[],[],2596.0,1444.0,607.0,214.0,33.0,31.0,22.6,422.0,36.0,2.0,1.0,1.4,0.0,6.0,81.0,784.0,1.8,221.0,62.0,1.03,0.29,64.0,12.0,0.0,6.0,1.0,1.0,65.7,23.0,0.0,0.0,0.0,0.0,0.0,0.0,0.0,0.0,0.0,0.0,0.0,,,
87,cars3_week,2023-09-10 10:35:26,Java,2,0,0,0,1,30,Java,9,generated by chatgpt,cars3_week\3cc5daf25cda458b90de4ec62b352a37cd7e6e7f\src\main\java\dat3\car\config\MemberTestDataFactory.java,cars3_week\e86a74cbd3b6d165fe581ddb21e3f89e7318c900\src\main\java\dat3\car\config\MemberTestDataFactory.java,file,,3,,"[1,45]",45,,,,,,,2,1,[-2],['e86a74cbd3b6d165fe581ddb21e3f89e7318c900'],"[[{'highest_ratio': 0.9946524064171123, 'best_match_position': (1, 45)}]]",1,[-2],['e86a74cbd3b6d165fe581ddb21e3f89e7318c900'],"[[{'highest_ratio': 0.9946524064171123, 'best_match_position': (1, 45)}]]",0,,,,[],[],[],269.0,192.0,47.0,8.0,9.0,9.0,9.4,20.0,0.0,0.0,0.0,0.0,0.0,2.0,26.0,187.0,3.2,10.0,2.0,1.25,0.25,45.0,27.0,18.0,1.0,1.0,1.0,25.0,9.0,0.0,0.0,0.0,0.0,3.0,20.0,2.5,2.0,1.0,2.0,1.0,,,
90,Project,2024-01-26 19:36:01,Java,5,0,0,0,0,414,Java,17,generated by chatgpt,Project\83fa9f626c7227ef445feeb61703798eef674a22\client\app\src\main\java\org\example\Pages\Managers\CreateItem.java,,file,,9,,"[1,92]",92,,,,,,,1,0,[],[],[],0,[],[],[],0,,,,[],[],[],4186.0,3134.0,1467.0,279.0,112.0,64.0,5.6,185.0,0.0,0.0,0.0,0.0,0.0,5.0,127.0,1018.0,1.1,377.0,122.0,1.35,0.44,92.0,70.0,45.0,2.0,1.0,1.0,15.7,13.0,0.0,0.0,0.0,0.0,3.0,32.0,1.5,4.0,2.0,2.0,1.0,,,
91,java_dao,2023-07-31 16:13:30,Java,,0,0,0,1,2,Java,10,generated by chatgpt,java_dao\d65ebcae12fa840b98fc23bf706fa96dcae9f8ce\src\main\java\de\htwberlin\dao\FahrzeuggeratDaoImpl.java,,file,,0,,"[1,169]",169,,,,,,,1,0,[],[],[],0,[],[],[],0,,,,[],[],[],2596.0,1444.0,607.0,214.0,33.0,31.0,22.6,422.0,36.0,2.0,1.0,1.4,0.0,6.0,81.0,784.0,1.8,221.0,62.0,1.03,0.29,169.0,94.0,52.0,8.0,1.0,1.0,23.6,29.0,0.0,0.0,0.0,0.0,4.0,60.0,2.1,11.0,3.0,1.38,0.38,,,
93,java_dao,2023-07-31 16:13:30,Java,,0,0,0,1,2,Java,54,generated by chatgpt,java_dao\d65ebcae12fa840b98fc23bf706fa96dcae9f8ce\src\main\java\de\htwberlin\mauterhebung\MauterServiceImpl.java,,method,,0,,"[67,107]",41,,,,,,,1,0,[],[],[],0,[],[],[],0,,,,[],[],[],2596.0,1444.0,607.0,214.0,33.0,31.0,22.6,422.0,36.0,2.0,1.0,1.4,0.0,6.0,81.0,784.0,1.8,221.0,62.0,1.03,0.29,42.0,28.0,19.0,1.0,1.0,1.0,21.1,8.0,0.0,0.0,0.0,0.0,5.0,27.0,3.0,6.0,6.0,6.0,6.0,,,
94,cars,2023-08-27 09:20:40,Java,,0,0,0,1,5,Java,8,generated by chatgpt,cars\ff76c49b86110b933e8cfa9d9677c1f76a5b53e5\src\main\java\dat3\car\config\CarTestDataFactory.java,,file,,1,,"[1,49]",49,,,,,,,1,0,[],[],[],0,[],[],[],0,,,,[],[],[],1900.0,1416.0,403.0,114.0,43.0,42.0,7.1,108.0,0.0,0.0,0.0,0.0,0.0,2.0,106.0,861.0,2.0,164.0,33.0,1.44,0.29,49.0,34.0,10.0,1.0,1.0,1.0,17.1,7.0,0.0,0.0,0.0,0.0,3.0,20.0,2.0,2.0,1.0,2.0,1.0,,,
95,cars,2023-08-20 12:36:58,Java,,0,0,0,1,46,Java,9,generated by chatgpt,cars\3919717e51fc8d05d63c304dfd2d46a12ad0a2fa\src\main\java\dat3\car\config\MemberTestDataFactory.java,cars\9c530c4483659177380bb31462073d52f1092a21\src\main\java\dat3\car\config\MemberTestDataFactory.java,file,,1,,"[1,44]",44,,,,,,,2,1,[-2],['9c530c4483659177380bb31462073d52f1092a21'],"[[{'highest_ratio': 0.989841104454285, 'best_match_position': (1, 44)}]]",1,[-2],['9c530c4483659177380bb31462073d52f1092a21'],"[[{'highest_ratio': 0.989841104454285, 'best_match_position': (1, 44)}]]",0,,,,[],[],[],1004.0,714.0,210.0,58.0,20.0,20.0,15.4,130.0,0.0,0.0,0.0,0.0,0.0,2.0,58.0,422.0,2.0,77.0,9.0,1.33,0.16,44.0,27.0,18.0,1.0,1.0,1.0,25.0,9.0,0.0,0.0,0.0,0.0,3.0,20.0,2.5,2.0,1.0,2.0,1.0,,,
96,ICS4U-Unit-1-02-Java,2024-02-21 21:50:50,Java,,0,0,0,1,2,Java,35,generated by chatgpt,ICS4U-Unit-1-02-Java\2113cb8b4ccea2bcad366c76e03e7a99ec73dfff\EnergyReleased.java,,method,,0,,"[34,70]",37,,,,,,,1,0,[],[],[],0,[],[],[],0,,,,[],[],[],82.0,34.0,20.0,2.0,1.0,2.0,24.4,11.0,0.0,0.0,0.0,0.0,0.0,0.0,9.0,85.0,8.3,4.0,4.0,2.0,2.0,38.0,27.0,19.0,1.0,1.0,1.0,12.1,4.0,0.0,0.0,0.0,0.0,9.0,85.0,9.8,3.0,4.0,3.0,4.0,,,
97,cs644,2024-05-04 15:50:22,Java,3,0,0,0,1,507,Java,1,generated by chatgpt,cs644\a8a8e8ede31974dfb05ee8d8308885521580d01d\tests\a5-tests\J1_heapsort.java,,file,,112,,"[1,58]",58,,,,,,,1,0,[],[],[],0,[],[],[],0,,,,[],[],[],,,,,,,,,,,,,,,,,,,,,,,,,,,,,,,,,,,,,,,,,,,
98,java-subset-compiler,2023-08-21 04:41:02,Java,,0,0,0,1,7,Java,1,generated by chatgpt,java-subset-compiler\147856af5995e635c2bfc33ea7a401a5f46d479c\src\test\resources\a5\J1_heapsort.java,,file,,0,,"[1,58]",58,,,,,,,1,0,[],[],[],0,[],[],[],0,,,,[],[],[],,,,,,,,,,,,,,,,,,,,,,,,,,,,,,,,,,,,,,,,,,,
99,Joosc,2024-03-27 16:57:29,Java,2,1,0,0,1,1122,Java,1,generated by chatgpt,Joosc\4c6c0b6f05f534844cfd0432abbc54b77cfa63d9\tests\programs\a5\marmoset\valid\J1_heapsort.java,,file,,351,,"[1,58]",58,,,,,,,1,0,[],[],[],0,[],[],[],0,,,,[],[],[],,,,,,,,,,,,,,,,,,,,,,,,,,,,,,,,,,,,,,,,,,,
100,Successorator,2024-03-17 04:37:40,Java,,0,0,0,1,2,Java,77,generated by chatgpt,Successorator\27b84c036851f8db7d9e951b1a4d175aeabd9423\project-team-31\lib\src\main\java\edu\ucsd\cse110\successorator\lib\domain\SimpleGoalRepository.java,,method,,0,,"[79,98]",20,,,,,,,1,0,[],[],[],0,[],[],[],0,,,,[],[],[],4435.0,3195.0,1400.0,249.0,39.0,40.0,10.5,375.0,496.0,33.0,10.0,11.2,0.0,1.0,219.0,1623.0,1.7,490.0,244.0,1.97,0.98,21.0,13.0,9.0,1.0,1.0,1.0,21.1,4.0,0.0,0.0,0.0,0.0,2.0,15.0,3.3,3.0,3.0,3.0,3.0,,,
101,cars-back,2023-10-16 11:26:42,Java,,0,2,0,1,12,Java,8,generated by chatgpt,cars-back\b2efef82f1ecd8ec4b0e5713cad3e9364348b8d2\src\main\java\dat3\car\config\CarTestDataFactory.java,,file,,0,,"[1,49]",49,,,,,,,1,0,[],[],[],0,[],[],[],0,,,,[],[],[],2456.0,1854.0,605.0,161.0,46.0,45.0,7.3,145.0,0.0,0.0,0.0,0.0,0.0,2.0,122.0,979.0,1.8,226.0,37.0,1.4,0.23,49.0,34.0,10.0,1.0,1.0,1.0,17.1,7.0,0.0,0.0,0.0,0.0,3.0,20.0,2.0,2.0,1.0,2.0,1.0,,,
102,Tech-Exam,2023-10-29 09:59:06,Java,2,0,0,0,1,6,Java,8,generated by chatgpt,Tech-Exam\df1af7376137adac767acc713c7b9242583d3f6e\src\main\java\dat3\car\config\CarTestDataFactory.java,,file,,0,,"[1,49]",49,,,,,,,1,0,[],[],[],0,[],[],[],0,,,,[],[],[],2393.0,1811.0,578.0,158.0,46.0,45.0,6.9,135.0,0.0,0.0,0.0,0.0,0.0,2.0,115.0,928.0,1.7,220.0,36.0,1.39,0.23,49.0,34.0,10.0,1.0,1.0,1.0,17.1,7.0,0.0,0.0,0.0,0.0,3.0,20.0,2.0,2.0,1.0,2.0,1.0,,,
103,cars-fall2023,2023-08-25 10:57:57,Java,,0,3,0,1,25,Java,8,generated by chatgpt,cars-fall2023\3cc5daf25cda458b90de4ec62b352a37cd7e6e7f\src\main\java\dat3\car\config\CarTestDataFactory.java,,file,,3,,"[1,49]",49,,,,,,,1,0,[],[],[],0,[],[],[],0,,,,[],[],[],269.0,192.0,47.0,8.0,9.0,9.0,9.4,20.0,0.0,0.0,0.0,0.0,0.0,2.0,26.0,187.0,3.2,10.0,2.0,1.25,0.25,49.0,34.0,10.0,1.0,1.0,1.0,17.1,7.0,0.0,0.0,0.0,0.0,3.0,20.0,2.0,2.0,1.0,2.0,1.0,,,
104,cars,2023-12-28 11:30:06,Java,,0,0,0,1,5,Java,8,generated by chatgpt,cars\1a97e122c110e2d8a33d245596d96130438f4ea1\cars-fall2023-main\src\main\java\dat3\car\config\CarTestDataFactory.java,,file,,0,,"[1,49]",49,,,,,,,1,0,[],[],[],0,[],[],[],0,,,,[],[],[],4912.0,3706.0,1210.0,322.0,92.0,90.0,7.3,292.0,3430.0,70.0,70.0,69.8,0.0,4.0,314.0,3358.0,3.0,452.0,74.0,1.4,0.23,49.0,34.0,10.0,1.0,1.0,1.0,17.1,7.0,0.0,0.0,0.0,0.0,3.0,20.0,2.0,2.0,1.0,2.0,1.0,,,
105,Successorator,2024-03-17 04:37:40,Java,,0,0,0,1,2,Java,65,generated by chatgpt,Successorator\27b84c036851f8db7d9e951b1a4d175aeabd9423\project-team-31\app\src\main\java\edu\ucsd\cse110\successorator\app\data\db\GoalDao.java,,method,,0,,"[66,94]",29,,,,,,,1,0,[],[],[],0,[],[],[],0,,,,[],[],[],4435.0,3195.0,1400.0,249.0,39.0,40.0,10.5,375.0,496.0,33.0,10.0,11.2,0.0,1.0,219.0,1623.0,1.7,490.0,244.0,1.97,0.98,30.0,21.0,6.0,6.0,1.0,1.0,4.2,1.0,0.0,0.0,0.0,0.0,2.0,15.0,2.2,1.0,0.0,0.17,0.0,,,
106,Tech-Exam,2023-10-29 09:59:06,Java,2,0,0,0,1,6,Java,9,generated by chatgpt,Tech-Exam\df1af7376137adac767acc713c7b9242583d3f6e\src\main\java\dat3\car\config\MemberTestDataFactory.java,,file,,0,,"[1,45]",45,,,,,,,1,0,[],[],[],0,[],[],[],0,,,,[],[],[],2393.0,1811.0,578.0,158.0,46.0,45.0,6.9,135.0,0.0,0.0,0.0,0.0,0.0,2.0,115.0,928.0,1.7,220.0,36.0,1.39,0.23,45.0,27.0,18.0,1.0,1.0,1.0,25.0,9.0,0.0,0.0,0.0,0.0,3.0,20.0,2.5,2.0,1.0,2.0,1.0,,,
107,cars-fall2023,2023-08-25 10:57:57,Java,,0,3,0,1,25,Java,9,generated by chatgpt,cars-fall2023\3cc5daf25cda458b90de4ec62b352a37cd7e6e7f\src\main\java\dat3\car\config\MemberTestDataFactory.java,cars-fall2023\1f55562eaecf418febc6ecc6c675891d66958a66\src\main\java\dat3\car\config\MemberTestDataFactory.java,file,,3,,"[1,45]",45,,,,,,,2,1,[-2],['1f55562eaecf418febc6ecc6c675891d66958a66'],"[[{'highest_ratio': 0.9906067529829906, 'best_match_position': (1, 45)}]]",1,[-2],['1f55562eaecf418febc6ecc6c675891d66958a66'],"[[{'highest_ratio': 0.9906067529829906, 'best_match_position': (1, 45)}]]",1,,,,[-2],['1f55562eaecf418febc6ecc6c675891d66958a66'],"[[{'highest_ratio': 0.9906067529829906, 'best_match_position': (1, 45)}]]",269.0,192.0,47.0,8.0,9.0,9.0,9.4,20.0,0.0,0.0,0.0,0.0,0.0,2.0,26.0,187.0,3.2,10.0,2.0,1.25,0.25,45.0,27.0,18.0,1.0,1.0,1.0,25.0,9.0,0.0,0.0,0.0,0.0,3.0,20.0,2.5,2.0,1.0,2.0,1.0,,,
108,cars,2023-12-28 11:30:06,Java,,0,0,0,1,5,Java,9,generated by chatgpt,cars\1a97e122c110e2d8a33d245596d96130438f4ea1\src\main\java\dat3\car\config\MemberTestDataFactory.java,,file,,0,,"[1,45]",45,,,,,,,1,0,[],[],[],0,[],[],[],0,,,,[],[],[],4912.0,3706.0,1210.0,322.0,92.0,90.0,7.3,292.0,3430.0,70.0,70.0,69.8,0.0,4.0,314.0,3358.0,3.0,452.0,74.0,1.4,0.23,45.0,27.0,18.0,1.0,1.0,1.0,25.0,9.0,0.0,0.0,0.0,0.0,3.0,20.0,2.5,2.0,1.0,2.0,1.0,,,
109,CarsRUs,2023-08-28 11:42:04,Java,,0,0,0,1,10,Java,9,generated by chatgpt,CarsRUs\1052743e668150fbb843f2a664c3337a819ad14e\src\main\java\dat3\car\config\MemberTestDataFactory.java,CarsRUs\2af5ef372a2e0704511b4b7f3904ee5d927d724e\src\main\java\dat3\car\config\MemberTestDataFactory.java,file,,1,,"[1,45]",45,,,,,,,2,1,[-2],['2af5ef372a2e0704511b4b7f3904ee5d927d724e'],"[[{'highest_ratio': 0.9906067529829906, 'best_match_position': (1, 45)}]]",1,[-2],['2af5ef372a2e0704511b4b7f3904ee5d927d724e'],"[[{'highest_ratio': 0.9906067529829906, 'best_match_position': (1, 45)}]]",0,,,,[],[],[],698.0,509.0,164.0,43.0,16.0,16.0,10.2,58.0,0.0,0.0,0.0,0.0,0.0,2.0,49.0,379.0,2.5,53.0,7.0,1.23,0.16,45.0,27.0,18.0,1.0,1.0,1.0,25.0,9.0,0.0,0.0,0.0,0.0,3.0,20.0,2.5,2.0,1.0,2.0,1.0,,,
110,cs644,2024-05-04 15:50:22,Java,3,0,0,0,1,507,Java,1,generated by chatgpt,cs644\a8a8e8ede31974dfb05ee8d8308885521580d01d\tests\a5-tests\J1_bubblesort.java,,file,,112,,"[1,36]",36,,,,,,,1,0,[],[],[],0,[],[],[],0,,,,[],[],[],,,,,,,,,,,,,,,,,,,,,,,,,,,,,,,,,,,,,,,,,,,
111,java-subset-compiler,2023-08-21 04:41:02,Java,,0,0,0,1,7,Java,1,generated by chatgpt,java-subset-compiler\147856af5995e635c2bfc33ea7a401a5f46d479c\src\test\resources\a5\J1_bubblesort.java,,file,,0,,"[1,36]",36,,,,,,,1,0,[],[],[],0,[],[],[],0,,,,[],[],[],,,,,,,,,,,,,,,,,,,,,,,,,,,,,,,,,,,,,,,,,,,
112,Joosc,2024-03-27 16:57:29,Java,2,1,0,0,1,1122,Java,1,generated by chatgpt,Joosc\4c6c0b6f05f534844cfd0432abbc54b77cfa63d9\tests\programs\a5\marmoset\valid\J1_bubblesort.java,,file,,351,,"[1,36]",36,,,,,,,1,0,[],[],[],0,[],[],[],0,,,,[],[],[],,,,,,,,,,,,,,,,,,,,,,,,,,,,,,,,,,,,,,,,,,,
113,java-subset-compiler,2023-08-21 04:41:02,Java,,0,0,0,1,7,Java,1,generated by chatgpt,java-subset-compiler\147856af5995e635c2bfc33ea7a401a5f46d479c\src\test\resources\a6\J1_Kosaraju\Main.java,,file,,0,,"[1,110]",110,,,,,,,1,0,[],[],[],0,[],[],[],0,,,,[],[],[],,,,,,,,,,,,,,,,,,,,,,,,,,,,,,,,,,,,,,,,,,,
114,Joosc,2024-03-27 16:57:29,Java,2,1,0,0,1,1122,Java,1,generated by chatgpt,Joosc\dbb8a900ce5c3ddd0aa8466f96e0a14b582c1b1d\tests\programs\a6\marmoset\valid\J1_Kosaraju\Main.java,,file,,351,,"[1,110]",110,,,,,,,1,0,[],[],[],0,[],[],[],0,,,,[],[],[],,,,,,,,,,,,,,,,,,,,,,,,,,,,,,,,,,,,,,,,,,,
116,java_dao,2023-07-31 16:13:30,Java,,0,0,0,1,2,Java,13,generated by chatgpt,java_dao\d65ebcae12fa840b98fc23bf706fa96dcae9f8ce\src\main\java\de\htwberlin\dao\BuchungsStatusDaoImpl.java,,file,,0,,"[1,129]",129,,,,,,,1,0,[],[],[],0,[],[],[],0,,,,[],[],[],2596.0,1444.0,607.0,214.0,33.0,31.0,22.6,422.0,36.0,2.0,1.0,1.4,0.0,6.0,81.0,784.0,1.8,221.0,62.0,1.03,0.29,129.0,69.0,33.0,7.0,1.0,1.0,25.0,23.0,0.0,0.0,0.0,0.0,0.0,0.0,0.0,9.0,2.0,1.29,0.29,,,
117,mankomania-app,2024-03-23 10:13:18,Java,5,0,0,11,0,416,Java,65,generated by chatgpt,mankomania-app\32187ed100d7981f809f257a1ee07a2a95aa5918\app\src\test\java\com\example\mankomania\apitests\LobbyAPITests.java,,method,,61,,"[66,74]",9,,,,,,,9,0,[],[],[],0,[],[],[],0,,,,[],[],[],3165.0,2229.0,1095.0,204.0,49.0,45.0,11.2,280.0,100.0,6.0,4.0,3.2,0.0,1.0,80.0,597.0,0.9,351.0,139.0,1.72,0.68,10.0,9.0,1.0,1.0,1.0,1.0,0.0,0.0,0.0,0.0,0.0,0.0,4.0,25.0,7.6,1.0,0.0,1.0,0.0,,,
118,Joosc,2024-03-27 16:57:29,Java,2,1,0,0,1,1122,Java,1,generated by chatgpt,Joosc\cbfea11510dff052e57fee583204be19f796e16a\tests\javaprograms\a5\marmoset\valid\J1_bubblesort.java,,file,,351,,"[1,39]",39,,,,,,,1,0,[],[],[],0,[],[],[],0,,,,[],[],[],,,,,,,,,,,,,,,,,,,,,,,,,,,,,,,,,,,,,,,,,,,
119,forestwebtech,2023-04-12 11:56:28,Java,,0,0,0,1,17,Java,36,generated by chatgpt,forestwebtech\0131cc43bcd2bfcbc38909c4e3e2525cee528be2\src\test\java\htwberli\webtechProjekt\ForestServiceTest.java,,file,,1,,"[1,185]",185,,,,,test code,,1,0,[],[],[],0,[],[],[],0,,,,[],[],[],906.0,545.0,178.0,63.0,12.0,12.0,17.3,114.0,0.0,0.0,0.0,0.0,0.0,0.0,34.0,346.0,2.1,73.0,15.0,1.16,0.24,185.0,94.0,35.0,7.0,1.0,1.0,28.8,38.0,0.0,0.0,0.0,0.0,1.0,10.0,0.4,7.0,0.0,1.0,0.0,,,
120,java-subset-compiler,2023-08-21 04:41:02,Java,,0,0,0,1,7,Java,1,generated by chatgpt,java-subset-compiler\147856af5995e635c2bfc33ea7a401a5f46d479c\src\test\resources\a5\J1_bubblesort_benchmark.java,,file,,0,,"[1,42]",42,,,,,,,1,0,[],[],[],0,[],[],[],0,,,,[],[],[],,,,,,,,,,,,,,,,,,,,,,,,,,,,,,,,,,,,,,,,,,,
122,microservices-2,2023-12-29 08:54:32,Java,,0,0,0,1,37,Java,25,generated by chatgpt,microservices-2\1c836f7a7563166cefa688db30bd3403a3aa350b\order-service\src\test\java\com\elite\springboot\orderservice\service\GeneratedOrderServiceTest.java,,file,,1,,"[1,96]",96,,,,,,,1,0,[],[],[],0,[],[],[],0,,,,[],[],[],1257.0,956.0,131.0,50.0,52.0,50.0,2.8,28.0,22.0,2.0,2.0,1.8,0.0,0.0,75.0,447.0,1.6,46.0,4.0,0.92,0.08,96.0,70.0,33.0,2.0,1.0,1.0,9.1,7.0,0.0,0.0,0.0,0.0,0.0,0.0,0.0,2.0,0.0,1.0,0.0,,,
123,Joosc,2024-03-27 16:57:29,Java,2,1,0,0,1,1122,Java,1,generated by chatgpt,Joosc\cbfea11510dff052e57fee583204be19f796e16a\tests\javaprograms\a5\marmoset\valid\J1_heapsort.java,,file,,351,,"[1,61]",61,,,,,,,1,0,[],[],[],0,[],[],[],0,,,,[],[],[],,,,,,,,,,,,,,,,,,,,,,,,,,,,,,,,,,,,,,,,,,,
124,cs644,2024-05-04 15:50:22,Java,3,0,0,0,1,507,Java,1,generated by chatgpt,cs644\a8a8e8ede31974dfb05ee8d8308885521580d01d\tests\a5-tests\J1_quicksort.java,,file,,112,,"[1,42]",42,,,,,,,1,0,[],[],[],0,[],[],[],0,,,,[],[],[],,,,,,,,,,,,,,,,,,,,,,,,,,,,,,,,,,,,,,,,,,,
125,java-subset-compiler,2023-08-21 04:41:02,Java,,0,0,0,1,7,Java,1,generated by chatgpt,java-subset-compiler\147856af5995e635c2bfc33ea7a401a5f46d479c\src\test\resources\a5\J1_quicksort.java,,file,,0,,"[1,42]",42,,,,,,,1,0,[],[],[],0,[],[],[],0,,,,[],[],[],,,,,,,,,,,,,,,,,,,,,,,,,,,,,,,,,,,,,,,,,,,
126,Joosc,2024-03-27 16:57:29,Java,2,1,0,0,1,1122,Java,1,generated by chatgpt,Joosc\4c6c0b6f05f534844cfd0432abbc54b77cfa63d9\tests\programs\a5\marmoset\valid\J1_quicksort.java,,file,,351,,"[1,42]",42,,,,,,,1,0,[],[],[],0,[],[],[],0,,,,[],[],[],,,,,,,,,,,,,,,,,,,,,,,,,,,,,,,,,,,,,,,,,,,
127,fruitfly,2024-02-10 00:03:56,Java,,2,0,0,1,56,Java,24,generated by chatgpt,fruitfly\f758e6c7425f741fa864c2b0cb22279bd2cf39ad\src\main\java\fruitfly\psi\BuilderGenerator.java,fruitfly\617e853eeedbae8e29236f2d4f98aab2341acf8a\src\main\java\fruitfly\psi\BuilderGenerator.java,file,,5,,"[1,162]",162,,,,,,,5,4,"[-2, -3, -4, -5]","['50085647b967bdaa092ee82d5ce804ea45fdc763', 'b7cf0ced84f008b1a984065eb14756a775300756', '7f376fb7d3f9718645abc5ef7280004667f0d58e', '617e853eeedbae8e29236f2d4f98aab2341acf8a']","[[{'highest_ratio': 0.9285409374199607, 'best_match_position': (1, 182)}], [{'highest_ratio': 0.8712305753884922, 'best_match_position': (1, 186)}], [{'highest_ratio': 0.4269083522150168, 'best_match_position': (1, 241)}], [{'highest_ratio': 0.4267416432364886, 'best_match_position': (1, 241)}]]",4,"[-2, -3, -4, -5]","['50085647b967bdaa092ee82d5ce804ea45fdc763', 'b7cf0ced84f008b1a984065eb14756a775300756', '7f376fb7d3f9718645abc5ef7280004667f0d58e', '617e853eeedbae8e29236f2d4f98aab2341acf8a']","[[{'highest_ratio': 0.9285409374199607, 'best_match_position': (1, 182)}], [{'highest_ratio': 0.8712305753884922, 'best_match_position': (1, 186)}], [{'highest_ratio': 0.4269083522150168, 'best_match_position': (1, 241)}], [{'highest_ratio': 0.4267416432364886, 'best_match_position': (1, 241)}]]",1,,,,[-3],['b7cf0ced84f008b1a984065eb14756a775300756'],"[[{'highest_ratio': 0.8712305753884922, 'best_match_position': (1, 186)}]]",635.0,409.0,165.0,27.0,18.0,16.0,13.5,64.0,0.0,0.0,0.0,0.0,0.0,0.0,11.0,85.0,0.7,55.0,27.0,2.04,1.0,163.0,116.0,57.0,2.0,1.0,1.0,16.5,23.0,0.0,0.0,0.0,0.0,4.0,40.0,1.1,13.0,14.0,6.5,7.0,,,
128,CS-230-FinalProject,2023-02-20 17:20:21,Java,2,0,0,0,2,260,Java,13,generated by chatgpt,CS-230-FinalProject\3425f87ef328af78865ef1af57dc10d21a20b697\src\test\TestSprite.java,,method,,29,,"[15,50]",36,,,,,test code,,3,0,[],[],[],0,[],[],[],0,,,,[],[],[],2086.0,1133.0,576.0,106.0,18.0,16.0,27.7,435.0,60.0,2.0,2.0,2.9,0.0,3.0,47.0,369.0,1.1,219.0,136.0,2.07,1.28,37.0,31.0,25.0,1.0,1.0,1.0,10.8,4.0,0.0,0.0,0.0,0.0,11.0,100.0,10.1,5.0,4.0,5.0,4.0,,,
129,Joosc,2024-03-27 16:57:29,Java,2,1,0,0,1,1122,Java,1,generated by chatgpt,Joosc\cbfea11510dff052e57fee583204be19f796e16a\tests\javaprograms\a5\marmoset\valid\J1_quicksort.java,,file,,351,,"[1,45]",45,,,,,,,1,0,[],[],[],0,[],[],[],0,,,,[],[],[],,,,,,,,,,,,,,,,,,,,,,,,,,,,,,,,,,,,,,,,,,,
130,team-panda,2023-02-21 05:12:58,Java,3,0,1,5,1,140,Java,13,generated by chatgpt,team-panda\cca3c72eda35f0d86ee7e289b697853f34cf85ef\src\test\java\edu\northeastern\cs5500\starterbot\model\CartTest.java,team-panda\616974fdd7e44c231568a627435091dfa899afcc\src\test\java\edu\northeastern\cs5500\starterbot\model\CartTest.java,method,,8,,"[13,18]",6,,,,,,,5,2,"[-4, -5]","['616974fdd7e44c231568a627435091dfa899afcc', '420d57afd700faf62637f9717621d4466779bf52']","[[{'highest_ratio': 0.782258064516129, 'best_match_position': (13, 18)}], [{'highest_ratio': 0.782258064516129, 'best_match_position': (13, 18)}]]",1,[-4],['616974fdd7e44c231568a627435091dfa899afcc'],"[[{'highest_ratio': 0.782258064516129, 'best_match_position': (13, 18)}]]",0,,,,[],[],[],2479.0,1815.0,559.0,194.0,40.0,39.0,10.3,208.0,221.0,14.0,8.0,8.9,0.0,0.0,47.0,407.0,0.7,235.0,61.0,1.21,0.31,7.0,6.0,3.0,1.0,1.0,1.0,11.1,1.0,0.0,0.0,0.0,0.0,2.0,15.0,6.3,1.0,0.0,1.0,0.0,,,
132,SE-Test,2024-04-17 08:53:05,Java,4,0,0,0,1,15,Java,6,generated by copilot,SE-Test\afef4853c3e7023a9fd5a107cd6ec4f1c9f8df0d\Main.java,SE-Test\8161694a649b4ecb7a9c3a225244e011531485f3\Main.java,statement,,0,,"[3,6]",4,,,,,,,3,1,[-3],['8161694a649b4ecb7a9c3a225244e011531485f3'],"[[{'highest_ratio': 0.9983525535420099, 'best_match_position': (3, 6)}]]",1,[-3],['8161694a649b4ecb7a9c3a225244e011531485f3'],"[[{'highest_ratio': 0.9983525535420099, 'best_match_position': (3, 6)}]]",0,,,,[],[],[],,,,,,,,,,,,,,,,,,,,,,,,,,,,,,,,,,,,,,,,,,,
136,GPD_Projekt,2023-05-26 08:34:54,Java,,0,0,0,1,34,Java,19,generated by copilot,GPD_Projekt\703df19db6fa50af59690a6fce0c122372c185d9\src\main\java\de\thi\services\OutputUser.java,GPD_Projekt\36bc90a234bd2ffd2344bc234a2ec6e6b4bab030\src\main\java\de\thi\services\OutputUser.java,statement,,6,,"[20,28]",9,,,,,,,7,4,"[-4, -5, -6, -7]","['36bc90a234bd2ffd2344bc234a2ec6e6b4bab030', '84e9f23b31f22b516556b126e209320186b07605', 'e2ac90304d17a5db916fd5106276487c47d1b693', '3d9c4928de81a0f4990bee27ab6446ee745cb87d']","[[{'highest_ratio': 0.9099307159353349, 'best_match_position': (20, 28)}], [{'highest_ratio': 0.9099307159353349, 'best_match_position': (20, 28)}], [{'highest_ratio': 0.9099307159353349, 'best_match_position': (21, 29)}], [{'highest_ratio': 0.9099307159353349, 'best_match_position': (24, 32)}]]",1,[-4],['36bc90a234bd2ffd2344bc234a2ec6e6b4bab030'],"[[{'highest_ratio': 0.9099307159353349, 'best_match_position': (20, 28)}]]",0,,,,[],[],[],231.0,124.0,47.0,20.0,3.0,3.0,8.1,11.0,0.0,0.0,0.0,0.0,0.0,0.0,3.0,12.0,0.3,21.0,1.0,1.05,0.05,12.0,8.0,8.0,0.0,0.0,1.0,0.0,0.0,0.0,0.0,0.0,0.0,1.0,10.0,2.8,0.0,0.0,0.0,0.0,,,
137,dfa-challenge-3-address-book,2024-02-19 13:22:39,Java,2,0,0,0,1,44,Java,15,generated by copilot,dfa-challenge-3-address-book\38b187cebe88a79f11c0862a15ff7969bd6bb863\src\main\java\com\challenges\helpers\ValidatorHelpers.java,,method,,2,,"[20,48]",29,,,,,,,1,0,[],[],[],0,[],[],[],0,,,,[],[],[],1015.0,778.0,297.0,68.0,21.0,10.0,7.7,65.0,0.0,0.0,0.0,0.0,0.0,1.0,48.0,460.0,2.0,148.0,49.0,2.18,0.72,30.0,20.0,9.0,2.0,1.0,1.0,18.5,5.0,0.0,0.0,0.0,0.0,3.0,20.0,3.0,6.0,3.0,3.0,1.5,,,
138,Mappevurdering,2023-11-28 14:36:56,Java,,0,0,0,1,27,Java,92,generated by copilot,Mappevurdering\5682b20b551cb793d7edb7995724070af4bb969b\src\main\java\edu\ntnu\stud\TrainDispatchSystem.java,,method,,8,,"[[101,128],[165,226]]",90,,,,,,,1,0,[],[],[],0,[],[],[],0,,,,[],[],[],1254.0,662.0,323.0,79.0,9.0,9.0,30.8,294.0,0.0,0.0,0.0,0.0,0.0,0.0,56.0,610.0,3.1,128.0,70.0,1.62,0.89,92.0,48.0,25.0,3.0,2.0,1.0,32.5,25.0,0.0,0.0,0.0,0.0,5.0,32.0,2.1,9.0,7.0,3.0,2.33,,,
139,mappe-idatg1003-traindispatchsystem-jonas-birkeli,2023-10-30 13:52:59,Java,,0,0,0,0,60,Java,194,generated by copilot,mappe-idatg1003-traindispatchsystem-jonas-birkeli\c6c2e7e71cdc01c65b7a7384e2c132df5fdb79e3\src\main\java\core\Station.java,mappe-idatg1003-traindispatchsystem-jonas-birkeli\21a900425f45a86f4bfb61629f9319d5d27a5992\src\main\java\core\Station.java,statement,,5,,"[195,195]",1,,,,,,,7,6,"[-2, -3, -4, -5, -6, -7]","['21a900425f45a86f4bfb61629f9319d5d27a5992', '0b8ea53affce445463ca99ce6de9bd526c97ff71', '7fd67ff8f6ad9e595e594728168cbb1248b69a04', 'f7758eb3d66603c347c8102bfb24ac4cf70f4e05', 'b63dc685953d1d8833fc5b8213e2dce206c37a22', '7f25c09e24e648d746b1fe859c5e92bd70da009a']","[[{'highest_ratio': 0.4, 'best_match_position': (207, 207)}], [{'highest_ratio': 0.4, 'best_match_position': (206, 206)}], [{'highest_ratio': 0.4, 'best_match_position': (206, 206)}], [{'highest_ratio': 0.4, 'best_match_position': (210, 210)}], [{'highest_ratio': 0.4, 'best_match_position': (212, 212)}], [{'highest_ratio': 0.4, 'best_match_position': (224, 224)}]]",1,[-2],['21a900425f45a86f4bfb61629f9319d5d27a5992'],"[[{'highest_ratio': 0.4, 'best_match_position': (207, 207)}]]",0,,,,[],[],[],2162.0,1091.0,420.0,110.0,17.0,17.0,38.3,676.0,0.0,0.0,0.0,0.0,0.0,0.0,15.0,120.0,0.4,188.0,97.0,1.71,0.88,4.0,1.0,3.0,0.0,0.0,1.0,0.0,0.0,0.0,0.0,0.0,0.0,1.0,10.0,6.7,1.0,0.0,1.0,0.0,,,
140,IDATT1003-TrainDispatchSystem,2023-10-17 11:47:53,Java,,1,0,0,0,137,Java,149,generated by copilot,IDATT1003-TrainDispatchSystem\a69a5390843f3dcc8ee5b88080090d61bf813192\src\main\java\edu\ntnu\stud\TrainDepartureRegister.java,IDATT1003-TrainDispatchSystem\94b4bf375f519567c499db0656c4ab977769ced8\src\main\java\edu\ntnu\stud\TrainDepartureRegister.java,method,,23,,"[150,152]",3,,,,,,,12,3,"[-10, -11, -12]","['94b4bf375f519567c499db0656c4ab977769ced8', 'edc2f8f85140e4e99f3a1645d1f71e1bf684a60f', '9b3043b4831ab36e347466499cb7a2fccaa03791']","[[{'highest_ratio': 0.5945945945945946, 'best_match_position': (263, 265)}], [{'highest_ratio': 0.5945945945945946, 'best_match_position': (263, 265)}], [{'highest_ratio': 0.5945945945945946, 'best_match_position': (263, 265)}]]",1,[-10],['94b4bf375f519567c499db0656c4ab977769ced8'],"[[{'highest_ratio': 0.5945945945945946, 'best_match_position': (263, 265)}]]",0,,,,[],[],[],1658.0,1048.0,457.0,102.0,17.0,7.0,17.2,217.0,28.0,2.0,1.0,1.7,0.0,0.0,75.0,743.0,2.4,207.0,143.0,2.03,1.4,4.0,3.0,2.0,1.0,1.0,1.0,0.0,0.0,0.0,0.0,0.0,0.0,2.0,15.0,10.0,2.0,0.0,2.0,0.0,,,
141,CPOO1,2023-09-25 11:26:20,Java,,0,0,0,1,1,Java,26,generated by copilot,CPOO1\c1f5cb7a78dc3f5ac3f0554600de2070b9014398\src\main\java\org\example\ExpenseComputation.java,,method,,0,,"[17,55]",39,,,,,,,1,0,[],[],[],0,[],[],[],0,,,,[],[],[],925.0,502.0,260.0,42.0,12.0,8.0,25.5,172.0,0.0,0.0,0.0,0.0,0.0,0.0,46.0,373.0,2.5,101.0,80.0,2.4,1.9,40.0,14.0,12.0,1.0,1.0,1.0,54.3,19.0,0.0,0.0,0.0,0.0,3.0,20.0,4.2,3.0,2.0,3.0,2.0,,,
142,Battleship-Board-Game,2023-09-07 21:34:04,Java,,1,0,0,1,32,Java,437,generated by copilot,Battleship-Board-Game\ae8561bd7d1e8788dcb67f0589aca4d8b9d78eb4\app\src\main\java\edu\duke\yh342\battleship\BattleShipBoard.java,,statement,,3,,"[438,438]",1,,,,,,input,3,0,[],[],[],0,[],[],[],0,,,,[],[],[],3984.0,2562.0,1175.0,178.0,34.0,34.0,17.9,559.0,223.0,10.0,5.0,5.6,0.0,3.0,217.0,2243.0,2.9,412.0,347.0,2.31,1.95,4.0,1.0,1.0,0.0,0.0,1.0,0.0,0.0,0.0,0.0,0.0,0.0,3.0,30.0,20.0,0.0,0.0,0.0,0.0,,,
143,dfa-challenge-3-address-book,2024-02-19 13:22:39,Java,2,0,0,0,1,44,Java,72,generated by copilot,dfa-challenge-3-address-book\19800f175f6e5b056968f5f701493801502b57d7\src\main\java\com\challenges\addressbook\AddressBook.java,dfa-challenge-3-address-book\122580a743634bf2f5eb82f92cacc3ea9f7028f4\src\main\java\com\challenges\addressbook\AddressBook.java,method,,2,,"[70,86]",17,,,,,,,10,9,"[-2, -3, -4, -5, -6, -7, -8, -9, -10]","['eabd0a7ca06f8b89e40619cf486a3fdf29695072', '8296844e2e31981b9cfb97d239b25ee45fea736f', '8bc57e411577d596c31cdab7c0b067410a9c9223', '50b5be56efcc2a6303adb1cbb5ee509719e3bfb6', '3e4ae7ddcb87a18438bef6bdacc5d561323cf7f9', 'f95710850e52c46052d842ee341d9954f4a4b289', '11b38a1cadadd0277b66d3ed17dc0137af8fc6be', '122580a743634bf2f5eb82f92cacc3ea9f7028f4', 'e77eedbfc2e219c49777cc6886a58e9429e02b5a']","[[{'highest_ratio': 0.9354838709677419, 'best_match_position': (71, 87)}], [{'highest_ratio': 0.9354838709677419, 'best_match_position': (73, 89)}], [{'highest_ratio': 0.9163934426229509, 'best_match_position': (73, 89)}], [{'highest_ratio': 0.9354838709677419, 'best_match_position': (73, 89)}], [{'highest_ratio': 0.9354838709677419, 'best_match_position': (70, 86)}], [{'highest_ratio': 0.9354838709677419, 'best_match_position': (85, 101)}], [{'highest_ratio': 0.9141055949566588, 'best_match_position': (117, 133)}], [{'highest_ratio': 0.8955223880597015, 'best_match_position': (117, 133)}], [{'highest_ratio': 0.8955223880597015, 'best_match_position': (117, 133)}]]",5,"[-2, -4, -5, -8, -9]","['eabd0a7ca06f8b89e40619cf486a3fdf29695072', '8bc57e411577d596c31cdab7c0b067410a9c9223', '50b5be56efcc2a6303adb1cbb5ee509719e3bfb6', '11b38a1cadadd0277b66d3ed17dc0137af8fc6be', '122580a743634bf2f5eb82f92cacc3ea9f7028f4']","[[{'highest_ratio': 0.9354838709677419, 'best_match_position': (71, 87)}], [{'highest_ratio': 0.9163934426229509, 'best_match_position': (73, 89)}], [{'highest_ratio': 0.9354838709677419, 'best_match_position': (73, 89)}], [{'highest_ratio': 0.9141055949566588, 'best_match_position': (117, 133)}], [{'highest_ratio': 0.8955223880597015, 'best_match_position': (117, 133)}]]",0,,,,[],[],[],670.0,525.0,154.0,52.0,17.0,8.0,5.7,32.0,0.0,0.0,0.0,0.0,0.0,0.0,13.0,102.0,0.6,128.0,40.0,2.46,0.77,18.0,16.0,8.0,1.0,1.0,1.0,5.3,1.0,0.0,0.0,0.0,0.0,3.0,20.0,3.7,6.0,9.0,6.0,9.0,,,
145,notes,2023-09-03 08:20:14,Java,,0,0,0,1,93,Java,59,generated by copilot,notes\16f460d5f20eb7e295a4aa66b4a209b2be9cf17d\notes\src\test\java\com\todo\notes\NoteServiceImplTest.java,notes\ac93c45a94080d1d8459f140b8fb7fc58e1d55bf\notes\src\test\java\com\todo\notes\NoteServiceImplTest.java,method,,2,,"[60,125]",66,,,,,test code,,5,3,"[-3, -4, -5]","['8aa4ab59b77766321fb2724d1af87b7eb83c91e8', '3fe54f91132f158963f3c5f1081de553e9e64232', 'ac93c45a94080d1d8459f140b8fb7fc58e1d55bf']","[[{'highest_ratio': 0.5500945179584121, 'best_match_position': (41, 106)}], [{'highest_ratio': 0.5312134673836801, 'best_match_position': (42, 107)}], [{'highest_ratio': 0.271356783919598, 'best_match_position': (54, 119)}]]",3,"[-3, -4, -5]","['8aa4ab59b77766321fb2724d1af87b7eb83c91e8', '3fe54f91132f158963f3c5f1081de553e9e64232', 'ac93c45a94080d1d8459f140b8fb7fc58e1d55bf']","[[{'highest_ratio': 0.5500945179584121, 'best_match_position': (41, 106)}], [{'highest_ratio': 0.5312134673836801, 'best_match_position': (42, 107)}], [{'highest_ratio': 0.271356783919598, 'best_match_position': (54, 119)}]]",0,,,,[],[],[],503.0,370.0,79.0,32.0,12.0,12.0,1.9,7.0,0.0,0.0,0.0,0.0,0.0,0.0,31.0,281.0,2.5,25.0,4.0,0.78,0.12,67.0,55.0,23.0,4.0,1.0,1.0,5.0,3.0,0.0,0.0,0.0,0.0,6.0,55.0,3.2,4.0,0.0,1.0,0.0,,,
146,Mappevurdering,2023-11-28 14:36:56,Java,,0,0,0,1,27,Java,51,generated by copilot,Mappevurdering\5682b20b551cb793d7edb7995724070af4bb969b\src\test\java\edu\ntnu\stud\LogicTest.java,,method,,8,,"[54,117]",64,,,,,test code,,1,0,[],[],[],0,[],[],[],0,,,,[],[],[],1254.0,662.0,323.0,79.0,9.0,9.0,30.8,294.0,0.0,0.0,0.0,0.0,0.0,0.0,56.0,610.0,3.1,128.0,70.0,1.62,0.89,65.0,39.0,21.0,6.0,1.0,1.0,19.6,10.0,0.0,0.0,0.0,0.0,11.0,77.0,6.3,6.0,0.0,1.0,0.0,,,
147,Mappevurdering,2023-11-28 14:36:56,Java,,0,0,0,1,27,Java,4,generated by copilot,Mappevurdering\5682b20b551cb793d7edb7995724070af4bb969b\src\test\java\edu\ntnu\stud\ExampleUserInteraction.java,,file,,8,,"[1,69]",69,,,,,,,1,0,[],[],[],0,[],[],[],0,,,,[],[],[],1254.0,662.0,323.0,79.0,9.0,9.0,30.8,294.0,0.0,0.0,0.0,0.0,0.0,0.0,56.0,610.0,3.1,128.0,70.0,1.62,0.89,69.0,26.0,5.0,6.0,1.0,1.0,45.8,22.0,0.0,0.0,0.0,0.0,0.0,0.0,0.0,6.0,0.0,1.0,0.0,,,
148,dfa-challenge-3-address-book,2024-02-19 13:22:39,Java,2,0,0,0,1,44,Java,254,generated by copilot,dfa-challenge-3-address-book\a65e222673eea853a3b0e266eca32fedabec4602\src\test\java\com\challenges\addressbook\AddressBookTest.java,,method,,2,,"[250,257]",8,,,,,test code,,6,0,[],[],[],0,[],[],[],0,,,,[],[],[],679.0,532.0,156.0,53.0,17.0,8.0,5.8,33.0,0.0,0.0,0.0,0.0,0.0,0.0,14.0,110.0,0.7,129.0,40.0,2.43,0.75,9.0,7.0,2.0,1.0,1.0,1.0,10.0,1.0,0.0,0.0,0.0,0.0,2.0,15.0,5.6,1.0,0.0,1.0,0.0,,,
149,TrainDispatchSystem,2023-10-28 10:29:03,Java,,0,0,0,1,60,Java,194,generated by copilot,TrainDispatchSystem\c6c2e7e71cdc01c65b7a7384e2c132df5fdb79e3\src\main\java\core\Station.java,TrainDispatchSystem\21a900425f45a86f4bfb61629f9319d5d27a5992\src\main\java\core\Station.java,statement,,5,,"[195,195]",1,,,,,,,7,6,"[-2, -3, -4, -5, -6, -7]","['21a900425f45a86f4bfb61629f9319d5d27a5992', '0b8ea53affce445463ca99ce6de9bd526c97ff71', '7fd67ff8f6ad9e595e594728168cbb1248b69a04', 'f7758eb3d66603c347c8102bfb24ac4cf70f4e05', 'b63dc685953d1d8833fc5b8213e2dce206c37a22', '7f25c09e24e648d746b1fe859c5e92bd70da009a']","[[{'highest_ratio': 0.4, 'best_match_position': (207, 207)}], [{'highest_ratio': 0.4, 'best_match_position': (206, 206)}], [{'highest_ratio': 0.4, 'best_match_position': (206, 206)}], [{'highest_ratio': 0.4, 'best_match_position': (210, 210)}], [{'highest_ratio': 0.4, 'best_match_position': (212, 212)}], [{'highest_ratio': 0.4, 'best_match_position': (224, 224)}]]",1,[-2],['21a900425f45a86f4bfb61629f9319d5d27a5992'],"[[{'highest_ratio': 0.4, 'best_match_position': (207, 207)}]]",0,,,,[],[],[],2162.0,1091.0,420.0,110.0,17.0,17.0,38.3,676.0,0.0,0.0,0.0,0.0,0.0,0.0,15.0,120.0,0.4,188.0,97.0,1.71,0.88,4.0,1.0,3.0,0.0,0.0,1.0,0.0,0.0,0.0,0.0,0.0,0.0,1.0,10.0,6.7,1.0,0.0,1.0,0.0,,,
151,MCChatGPT,2023-03-08 02:20:37,Java,2,13,3,1,1,18,Java,9,generated by gpt-3,MCChatGPT\fb68f1071e6660bece9e871b2e66af1f2d12c294\forge\src\main\java\com\theokanning\openai\edit\EditResult.java,,file,,0,,"[1,36]",36,,,,,,,1,0,[],[],[],0,[],[],[],0,,,,[],[],[],3312.0,1875.0,543.0,157.0,57.0,55.0,16.4,367.0,296.0,10.0,10.0,8.9,4.0,0.0,90.0,989.0,1.8,212.0,117.0,1.35,0.75,36.0,11.0,0.0,0.0,1.0,1.0,35.3,6.0,0.0,0.0,0.0,0.0,4.0,40.0,12.1,0.0,0.0,0.0,0.0,,,
152,knowledge_box,2023-03-27 15:04:43,Java,,20,4,2,1,8,Java,10,generated by gpt-3,knowledge_box\bb19969081d66859422aff06df5e0df8d2709046\src\main\java\com\tutu\knowledge_box\ai\openai\edit\EditResult.java,,file,,0,,"[1,37]",37,,,,,,,1,0,[],[],[],0,[],[],[],0,,,,[],[],[],2542.0,1146.0,149.0,80.0,58.0,55.0,26.5,413.0,0.0,0.0,0.0,0.0,0.0,0.0,84.0,684.0,2.0,74.0,24.0,0.93,0.3,37.0,11.0,0.0,0.0,1.0,1.0,35.3,6.0,0.0,0.0,0.0,0.0,4.0,40.0,12.1,0.0,0.0,0.0,0.0,,,
156,fluent-integrations,2023-03-20 06:49:05,Java,,0,1,0,0,7,Java,6,generated by gpt-3,fluent-integrations\08fa84d96d836357caa3abc034632c5eec0443f5\qabox-openai\src\main\java\io\fluent\openai\models\edit\EditChoice.java,,file,,0,,"[1,23]",23,,,,,,,1,0,[],[],[],0,[],[],[],0,,,,[],[],[],2584.0,1240.0,184.0,92.0,54.0,54.0,22.0,349.0,0.0,0.0,0.0,0.0,0.0,0.0,58.0,585.0,1.6,78.0,10.0,0.85,0.11,23.0,7.0,0.0,0.0,1.0,1.0,36.4,4.0,0.0,0.0,0.0,0.0,0.0,0.0,0.0,0.0,0.0,0.0,0.0,,,
158,chatgpt-java,2023-04-22 09:04:16,Java,,0,0,1,2,2,Java,6,generated by gpt-3,chatgpt-java\cab4de831cb17c578495c803d7d8062c84d57c4f\chatgpt-java-api\src\main\java\com\hq\openai\model\completion\chat\ChatStreamCompletionChoice.java,,file,,0,,"[1,26]",26,,,,,,,1,0,[],[],[],0,[],[],[],0,,,,[],[],[],1407.0,818.0,225.0,61.0,32.0,31.0,17.3,171.0,105.0,6.0,3.0,7.5,0.0,0.0,90.0,809.0,3.3,103.0,60.0,1.69,0.98,26.0,8.0,0.0,0.0,1.0,1.0,33.3,4.0,0.0,0.0,0.0,0.0,0.0,0.0,0.0,0.0,0.0,0.0,0.0,,,
160,ChatWeb,2023-04-01 13:32:07,Java,,28,12,2,1,7,Java,6,generated by gpt-3,ChatWeb\d23bf8df0d1a3cf291b2b299a9781a4afee536c0\src\main\java\com\chatweb\model\completion\chat\ChatCompletionChoice.java,,file,,0,,"[1,26]",26,,,,,,,1,0,[],[],[],0,[],[],[],0,,,,[],[],[],6228.0,3458.0,1027.0,350.0,113.0,109.0,21.1,926.0,0.0,0.0,0.0,0.0,10.0,7.0,353.0,2523.0,2.4,475.0,190.0,1.36,0.54,26.0,8.0,0.0,0.0,1.0,1.0,33.3,4.0,0.0,0.0,0.0,0.0,0.0,0.0,0.0,0.0,0.0,0.0,0.0,,,
161,langchain-java,2023-06-01 15:01:15,Java,,1,1,0,1,16,Java,10,generated by gpt-3,langchain-java\217da9fa05bd05458d53db6a49fb8d8f93d537fe\src\main\java\im\langchainjava\llm\entity\ChatCompletionChoice.java,,file,,5,,"[1,34]",34,,,,,,,1,0,[],[],[],0,[],[],[],0,,,,[],[],[],4473.0,3271.0,1080.0,301.0,103.0,84.0,6.0,210.0,103.0,6.0,5.0,2.3,0.0,6.0,218.0,1817.0,1.9,424.0,274.0,1.41,0.91,34.0,16.0,0.0,0.0,1.0,1.0,20.0,4.0,0.0,0.0,0.0,0.0,0.0,0.0,0.0,0.0,0.0,0.0,0.0,,,
162,fluent-integrations,2023-03-20 06:49:05,Java,,0,1,0,0,7,Java,6,generated by gpt-3,fluent-integrations\08fa84d96d836357caa3abc034632c5eec0443f5\qabox-openai\src\main\java\io\fluent\openai\models\completion\CompletionChoice.java,,file,,0,,"[1,32]",32,,,,,,,1,0,[],[],[],0,[],[],[],0,,,,[],[],[],2584.0,1240.0,184.0,92.0,54.0,54.0,22.0,349.0,0.0,0.0,0.0,0.0,0.0,0.0,58.0,585.0,1.6,78.0,10.0,0.85,0.11,32.0,9.0,0.0,0.0,1.0,1.0,40.0,6.0,0.0,0.0,0.0,0.0,1.0,2.0,0.7,0.0,0.0,0.0,0.0,,,
163,knowledge_box,2023-03-27 15:04:43,Java,,20,4,2,1,8,Java,6,generated by gpt-3,knowledge_box\bb19969081d66859422aff06df5e0df8d2709046\src\main\java\com\tutu\knowledge_box\ai\openai\edit\EditChoice.java,,file,,0,,"[1,23]",23,,,,,,,1,0,[],[],[],0,[],[],[],0,,,,[],[],[],2542.0,1146.0,149.0,80.0,58.0,55.0,26.5,413.0,0.0,0.0,0.0,0.0,0.0,0.0,84.0,684.0,2.0,74.0,24.0,0.93,0.3,23.0,7.0,0.0,0.0,1.0,1.0,36.4,4.0,0.0,0.0,0.0,0.0,0.0,0.0,0.0,0.0,0.0,0.0,0.0,,,
164,spring-gpt,2023-03-02 08:31:49,JavaScript,,0,0,1,1,76,Java,6,generated by gpt-3,spring-gpt\ba18e3eea9d294928973e927e019ca0124f81b81\src\main\java\com\openai\springGpt\dto\edit\EditChoice.java,,file,,2,,"[1,23]",23,,,,,,,1,0,[],[],[],0,[],[],[],0,,,,[],[],[],2541.0,1185.0,183.0,78.0,50.0,49.0,23.8,370.0,32.0,2.0,1.0,1.3,0.0,1.0,134.0,1216.0,3.4,69.0,25.0,0.88,0.32,23.0,7.0,0.0,0.0,1.0,1.0,36.4,4.0,0.0,0.0,0.0,0.0,1.0,10.0,4.8,0.0,0.0,0.0,0.0,,,
165,monnig-meteorite-catalog,2024-03-20 15:44:40,Java,3,2,1,1,2,140,Java,44,generated by gpt-3,monnig-meteorite-catalog\10605a00f2243043a2a1afacc7d01b49b05a8c7b\src\test\java\edu\tcu\cs\monnigmeteoritecatalog\loan\LoanServiceTest.java,monnig-meteorite-catalog\3450e3bebb843d0029e9c496e2179924debe3bf3\src\test\java\edu\tcu\cs\monnigmeteoritecatalog\loan\LoanServiceTest.java,method,,24,,"[43,88]",46,,,,,,,4,3,"[-2, -3, -4]","['1c2795c1c30a734b30f34f1f570437e5ecf1c94b', '3450e3bebb843d0029e9c496e2179924debe3bf3', '4dc10b9b36d465a8301937a5c9bcbb98261b2db4']","[[{'highest_ratio': 0.9950221238938053, 'best_match_position': (43, 88)}], [{'highest_ratio': 0.9620611551528879, 'best_match_position': (43, 88)}], [{'highest_ratio': 0.9620611551528879, 'best_match_position': (45, 90)}]]",2,"[-2, -3]","['1c2795c1c30a734b30f34f1f570437e5ecf1c94b', '3450e3bebb843d0029e9c496e2179924debe3bf3']","[[{'highest_ratio': 0.9950221238938053, 'best_match_position': (43, 88)}], [{'highest_ratio': 0.9620611551528879, 'best_match_position': (43, 88)}]]",0,,,,[],[],[],1844.0,1399.0,611.0,157.0,25.0,25.0,5.7,85.0,168.0,13.0,4.0,9.1,0.0,0.0,206.0,1287.0,3.1,179.0,14.0,1.14,0.09,47.0,41.0,39.0,1.0,1.0,1.0,2.3,1.0,0.0,0.0,0.0,0.0,2.0,15.0,1.2,1.0,0.0,1.0,0.0,,,
166,chatgpt-java,2023-04-22 09:04:16,Java,,0,0,1,2,2,Java,6,generated by gpt-3,chatgpt-java\cab4de831cb17c578495c803d7d8062c84d57c4f\chatgpt-java-api\src\main\java\com\hq\openai\model\completion\chat\ChatCompletionChoice.java,,file,,0,,"[1,26]",26,,,,,,,1,0,[],[],[],0,[],[],[],0,,,,[],[],[],1407.0,818.0,225.0,61.0,32.0,31.0,17.3,171.0,105.0,6.0,3.0,7.5,0.0,0.0,90.0,809.0,3.3,103.0,60.0,1.69,0.98,26.0,8.0,0.0,0.0,1.0,1.0,33.3,4.0,0.0,0.0,0.0,0.0,0.0,0.0,0.0,0.0,0.0,0.0,0.0,,,
167,knowledge_box,2023-03-27 15:04:43,Java,,20,4,2,1,8,Java,6,generated by gpt-3,knowledge_box\bb19969081d66859422aff06df5e0df8d2709046\src\main\java\com\tutu\knowledge_box\ai\openai\completion\chat\ChatCompletionChoice.java,,file,,0,,"[1,27]",27,,,,,,,1,0,[],[],[],0,[],[],[],0,,,,[],[],[],2542.0,1146.0,149.0,80.0,58.0,55.0,26.5,413.0,0.0,0.0,0.0,0.0,0.0,0.0,84.0,684.0,2.0,74.0,24.0,0.93,0.3,27.0,10.0,0.0,0.0,1.0,1.0,28.6,4.0,0.0,0.0,0.0,0.0,0.0,0.0,0.0,0.0,0.0,0.0,0.0,,,
168,MCChatGPT,2023-03-08 02:20:37,Java,2,13,3,1,1,18,Java,6,generated by gpt-3,MCChatGPT\fb68f1071e6660bece9e871b2e66af1f2d12c294\forge\src\main\java\com\theokanning\openai\completion\CompletionChoice.java,,file,,0,,"[1,32]",32,,,,,,,1,0,[],[],[],0,[],[],[],0,,,,[],[],[],3312.0,1875.0,543.0,157.0,57.0,55.0,16.4,367.0,296.0,10.0,10.0,8.9,4.0,0.0,90.0,989.0,1.8,212.0,117.0,1.35,0.75,32.0,9.0,0.0,0.0,1.0,1.0,40.0,6.0,0.0,0.0,0.0,0.0,1.0,2.0,0.7,0.0,0.0,0.0,0.0,,,
169,spring-gpt,2023-03-02 08:31:49,JavaScript,,0,0,1,1,76,Java,9,generated by gpt-3,spring-gpt\ba18e3eea9d294928973e927e019ca0124f81b81\src\main\java\com\openai\springGpt\dto\edit\EditResult.java,,file,,2,,"[1,36]",36,,,,,,,1,0,[],[],[],0,[],[],[],0,,,,[],[],[],2541.0,1185.0,183.0,78.0,50.0,49.0,23.8,370.0,32.0,2.0,1.0,1.3,0.0,1.0,134.0,1216.0,3.4,69.0,25.0,0.88,0.32,36.0,11.0,0.0,0.0,1.0,1.0,35.3,6.0,0.0,0.0,0.0,0.0,5.0,50.0,15.2,0.0,0.0,0.0,0.0,,,
170,fluent-integrations,2023-03-20 06:49:05,Java,,0,1,0,0,7,Java,9,generated by gpt-3,fluent-integrations\08fa84d96d836357caa3abc034632c5eec0443f5\qabox-openai\src\main\java\io\fluent\openai\models\edit\EditResult.java,,file,,0,,"[1,36]",36,,,,,,,1,0,[],[],[],0,[],[],[],0,,,,[],[],[],2584.0,1240.0,184.0,92.0,54.0,54.0,22.0,349.0,0.0,0.0,0.0,0.0,0.0,0.0,58.0,585.0,1.6,78.0,10.0,0.85,0.11,36.0,11.0,0.0,0.0,1.0,1.0,35.3,6.0,0.0,0.0,0.0,0.0,4.0,40.0,12.1,0.0,0.0,0.0,0.0,,,
171,fluent-integrations,2023-03-20 06:49:05,Java,,0,1,0,0,7,Java,6,generated by gpt-3,fluent-integrations\08fa84d96d836357caa3abc034632c5eec0443f5\qabox-openai\src\main\java\io\fluent\openai\models\completion\chat\ChatCompletionChoice.java,,file,,0,,"[1,27]",27,,,,,,,1,0,[],[],[],0,[],[],[],0,,,,[],[],[],2584.0,1240.0,184.0,92.0,54.0,54.0,22.0,349.0,0.0,0.0,0.0,0.0,0.0,0.0,58.0,585.0,1.6,78.0,10.0,0.85,0.11,27.0,10.0,0.0,0.0,1.0,1.0,28.6,4.0,0.0,0.0,0.0,0.0,0.0,0.0,0.0,0.0,0.0,0.0,0.0,,,
172,spring-gpt,2023-03-02 08:31:49,JavaScript,,0,0,1,1,76,Java,6,generated by gpt-3,spring-gpt\ba18e3eea9d294928973e927e019ca0124f81b81\src\main\java\com\openai\springGpt\dto\completion\chat\ChatCompletionChoice.java,,file,,2,,"[1,27]",27,,,,,,,1,0,[],[],[],0,[],[],[],0,,,,[],[],[],2541.0,1185.0,183.0,78.0,50.0,49.0,23.8,370.0,32.0,2.0,1.0,1.3,0.0,1.0,134.0,1216.0,3.4,69.0,25.0,0.88,0.32,27.0,10.0,0.0,0.0,1.0,1.0,28.6,4.0,0.0,0.0,0.0,0.0,1.0,10.0,3.3,0.0,0.0,0.0,0.0,,,
173,spring-gpt,2023-03-02 08:31:49,JavaScript,,0,0,1,1,76,Java,6,generated by gpt-3,spring-gpt\ba18e3eea9d294928973e927e019ca0124f81b81\src\main\java\com\openai\springGpt\dto\completion\CompletionChoice.java,,file,,2,,"[1,32]",32,,,,,,,1,0,[],[],[],0,[],[],[],0,,,,[],[],[],2541.0,1185.0,183.0,78.0,50.0,49.0,23.8,370.0,32.0,2.0,1.0,1.3,0.0,1.0,134.0,1216.0,3.4,69.0,25.0,0.88,0.32,32.0,9.0,0.0,0.0,1.0,1.0,40.0,6.0,0.0,0.0,0.0,0.0,2.0,12.0,4.4,0.0,0.0,0.0,0.0,,,
174,knowledge_box,2023-03-27 15:04:43,Java,,20,4,2,1,8,Java,6,generated by gpt-3,knowledge_box\bb19969081d66859422aff06df5e0df8d2709046\src\main\java\com\tutu\knowledge_box\ai\openai\completion\CompletionChoice.java,,file,,0,,"[1,32]",32,,,,,,,1,0,[],[],[],0,[],[],[],0,,,,[],[],[],2542.0,1146.0,149.0,80.0,58.0,55.0,26.5,413.0,0.0,0.0,0.0,0.0,0.0,0.0,84.0,684.0,2.0,74.0,24.0,0.93,0.3,32.0,9.0,0.0,0.0,1.0,1.0,40.0,6.0,0.0,0.0,0.0,0.0,1.0,2.0,0.7,0.0,0.0,0.0,0.0,,,
175,MCChatGPT,2023-03-08 02:20:37,Java,2,13,3,1,1,18,Java,6,generated by gpt-3,MCChatGPT\fb68f1071e6660bece9e871b2e66af1f2d12c294\forge\src\main\java\com\theokanning\openai\completion\chat\ChatCompletionChoice.java,,file,,0,,"[1,27]",27,,,,,,,1,0,[],[],[],0,[],[],[],0,,,,[],[],[],3312.0,1875.0,543.0,157.0,57.0,55.0,16.4,367.0,296.0,10.0,10.0,8.9,4.0,0.0,90.0,989.0,1.8,212.0,117.0,1.35,0.75,27.0,10.0,0.0,0.0,1.0,1.0,28.6,4.0,0.0,0.0,0.0,0.0,0.0,0.0,0.0,0.0,0.0,0.0,0.0,,,
176,MCChatGPT,2023-03-08 02:20:37,Java,2,13,3,1,1,18,Java,6,generated by gpt-3,MCChatGPT\fb68f1071e6660bece9e871b2e66af1f2d12c294\forge\src\main\java\com\theokanning\openai\edit\EditChoice.java,,file,,0,,"[1,23]",23,,,,,,,1,0,[],[],[],0,[],[],[],0,,,,[],[],[],3312.0,1875.0,543.0,157.0,57.0,55.0,16.4,367.0,296.0,10.0,10.0,8.9,4.0,0.0,90.0,989.0,1.8,212.0,117.0,1.35,0.75,23.0,7.0,0.0,0.0,1.0,1.0,36.4,4.0,0.0,0.0,0.0,0.0,0.0,0.0,0.0,0.0,0.0,0.0,0.0,,,
178,ChatWeb,2023-05-12 11:19:14,Java,,0,0,0,1,7,Java,6,generated by gpt-3,ChatWeb\d23bf8df0d1a3cf291b2b299a9781a4afee536c0\src\main\java\com\chatweb\model\completion\chat\ChatCompletionChoice.java,,file,,0,,"[1,26]",26,,,,,,,1,0,[],[],[],0,[],[],[],0,,,,[],[],[],6228.0,3458.0,1027.0,350.0,113.0,109.0,21.1,926.0,0.0,0.0,0.0,0.0,10.0,7.0,353.0,2523.0,2.4,475.0,190.0,1.36,0.54,26.0,8.0,0.0,0.0,1.0,1.0,33.3,4.0,0.0,0.0,0.0,0.0,0.0,0.0,0.0,0.0,0.0,0.0,0.0,,,
180,chatgpt,2023-03-04 02:09:23,JavaScript,,10,2,0,1,12,Java,6,generated by gpt-4,chatgpt\ede9963b4a266597211924aec712c736757e798d\chatgpt-service\src\main\java\com\chatgpt\ai\response\ChatCompletionChoice.java,,file,,0,,"[1,50]",50,,,,,,,1,0,[],[],[],0,[],[],[],0,,,,[],[],[],11142.0,6370.0,1852.0,930.0,150.0,148.0,18.5,1443.0,1989.0,70.0,41.0,17.9,0.0,2.0,241.0,2188.0,1.1,1063.0,306.0,1.14,0.33,50.0,25.0,6.0,6.0,1.0,1.0,16.7,5.0,0.0,0.0,0.0,0.0,4.0,14.0,1.9,6.0,0.0,1.0,0.0,,,
181,udm-documents,2023-04-25 07:24:07,Java,,0,1,0,1,4,Java,33,generated by gpt-4,udm-documents\8dee97cb01ab364e36035be08e9cecf46aa12496\filestore\src\test\java\com\udm\documents\filestore\domain\FileDescriptorTest.java,udm-documents\cf134ca1f3d0c660ed84433f60f0314a103bc567\filestore\src\test\java\com\udm\documents\filestore\domain\FileDescriptorTest.java,file,,0,,"[1,111]",111,,,,,,,2,1,[-2],['cf134ca1f3d0c660ed84433f60f0314a103bc567'],"[[{'highest_ratio': 0.9973961902151569, 'best_match_position': (1, 111)}]]",1,[-2],['cf134ca1f3d0c660ed84433f60f0314a103bc567'],"[[{'highest_ratio': 0.9973961902151569, 'best_match_position': (1, 111)}]]",0,,,,[],[],[],1895.0,862.0,190.0,49.0,38.0,32.0,5.5,50.0,0.0,0.0,0.0,0.0,0.0,0.0,14.0,121.0,0.5,71.0,13.0,1.45,0.27,111.0,54.0,20.0,5.0,1.0,1.0,20.6,14.0,0.0,0.0,0.0,0.0,0.0,0.0,0.0,6.0,0.0,1.2,0.0,,,
183,LeetCode,2024-03-11 18:43:08,Java,,0,0,0,1,5,Java,5,generated with copilot,LeetCode\2c44ee9d58710b2f54edf36d8e033534805f2077\TwoSum\src\Main.java,,method,,0,,"[6,16]",11,,,,,,,1,0,[],[],[],0,[],[],[],0,,,,[],[],[],82.0,63.0,41.0,7.0,3.0,2.0,3.1,2.0,0.0,0.0,0.0,0.0,0.0,0.0,4.0,40.0,2.1,20.0,18.0,2.86,2.57,12.0,9.0,6.0,1.0,1.0,1.0,0.0,0.0,0.0,0.0,0.0,0.0,3.0,25.0,7.6,2.0,1.0,2.0,1.0,,,
184,SportMatch,2023-03-27 10:16:24,Java,5,0,0,0,1,138,Java,115,generated with copilot,SportMatch\968ca7eaca1c97a5880101ad4afd19eadf5006a4\app\src\main\java\com\example\sportmatch\RegisterActivity.java,SportMatch\24a3c07f6a573d4dfc8f43088dd2378be871b71d\app\src\main\java\com\example\sportmatch\RegisterActivity.java,statement,,1,,"[116,145]",30,,,,,,,7,4,"[-4, -5, -6, -7]","['30d8982a738f10ade2b8860bc5e7201642de1d23', 'ede3c8047b3a522a482e66513e68a342ed0a355f', '24a3c07f6a573d4dfc8f43088dd2378be871b71d', 'bfcaed7a84e564a83445809fc780c684cffb34b7']","[[{'highest_ratio': 0.9970312856816624, 'best_match_position': (174, 203)}], [{'highest_ratio': 0.9760965421211418, 'best_match_position': (213, 242)}], [{'highest_ratio': 0.9770034843205575, 'best_match_position': (199, 228)}], [{'highest_ratio': 0.9770034843205575, 'best_match_position': (192, 221)}]]",3,"[-4, -5, -6]","['30d8982a738f10ade2b8860bc5e7201642de1d23', 'ede3c8047b3a522a482e66513e68a342ed0a355f', '24a3c07f6a573d4dfc8f43088dd2378be871b71d']","[[{'highest_ratio': 0.9970312856816624, 'best_match_position': (174, 203)}], [{'highest_ratio': 0.9760965421211418, 'best_match_position': (213, 242)}], [{'highest_ratio': 0.9770034843205575, 'best_match_position': (199, 228)}]]",1,,,,[-5],['ede3c8047b3a522a482e66513e68a342ed0a355f'],"[[{'highest_ratio': 0.9760965421211418, 'best_match_position': (213, 242)}]]",1186.0,946.0,338.0,48.0,18.0,18.0,3.3,32.0,50.0,2.0,2.0,4.2,0.0,0.0,48.0,433.0,1.5,110.0,101.0,2.29,2.1,33.0,27.0,11.0,0.0,0.0,1.0,6.1,2.0,0.0,0.0,0.0,0.0,2.0,15.0,1.6,4.0,8.0,4.0,8.0,,,
185,proiect-inginerie-software-sportmatch,2023-10-15 13:27:15,Java,7,1,3,0,0,83,Java,172,generated with copilot,proiect-inginerie-software-sportmatch\10e0ba54bdcdb66490f50159b864d8f1367bd5ac\app\src\main\java\com\example\sportmatch\RegisterActivity.java,proiect-inginerie-software-sportmatch\e35cbd07aa5229826532d483eddd596ae016c7c5\app\src\main\java\com\example\sportmatch\RegisterActivity.java,statement,,6,,"[173,202]",30,,,,,,,3,2,"[-2, -3]","['c6afd3d8153d2e5eef1f23132aab7359391abf17', 'e35cbd07aa5229826532d483eddd596ae016c7c5']","[[{'highest_ratio': 0.9758700696055684, 'best_match_position': (192, 221)}], [{'highest_ratio': 0.957592339261286, 'best_match_position': (195, 224)}]]",2,"[-2, -3]","['c6afd3d8153d2e5eef1f23132aab7359391abf17', 'e35cbd07aa5229826532d483eddd596ae016c7c5']","[[{'highest_ratio': 0.9758700696055684, 'best_match_position': (192, 221)}], [{'highest_ratio': 0.957592339261286, 'best_match_position': (195, 224)}]]",0,,,,[],[],[],11331.0,8693.0,3956.0,409.0,98.0,86.0,6.8,633.0,2502.0,124.0,29.0,22.1,0.0,9.0,488.0,4734.0,1.8,1242.0,1124.0,3.04,2.75,33.0,27.0,11.0,0.0,0.0,1.0,6.1,2.0,0.0,0.0,0.0,0.0,2.0,15.0,1.6,4.0,8.0,4.0,8.0,,,
